#CHROM,POS,ID,REF,ALT,QUAL,FILTER,INFO,FORMAT,TUMOR
chr1,8595284,sawfish:0:350:0:0:0,C,[chr14:87478050[C,999,PASS,SVTYPE=BND;HOMLEN=4;HOMSEQ=CCCT;MATEID=sawfish:0:350:0:0:1;gene_name=SLC2A5,GT:GQ:PL:AD,"0/1:999:999,0,999:56,49"
chr1,26640838,sawfish:0:651:0:0:0,T,[chr1:111368225[T,999,PASS,SVTYPE=BND;MATEID=sawfish:0:651:0:0:1,GT:GQ:PL:AD,"0/1:999:999,0,999:55,36"
chr1,75219428,sawfish:0:1154:0:0:0,G,]chr22:19317583]G,999,PASS,SVTYPE=BND;MATEID=sawfish:0:1154:0:0:1;gene_name=SLC44A5,GT:GQ:PL:AD,"0/1:999:999,0,999:73,48"
chr1,75219503,sawfish:0:1160:0:0:0,T,]chr22:19322350]T,999,PASS,SVTYPE=BND;HOMLEN=3;HOMSEQ=TTT;MATEID=sawfish:0:1160:0:0:1;gene_name=SLC44A5,GT:GQ:PL:AD,"0/1:999:999,0,999:33,85"
chr1,75220025,sawfish:0:1158:0:0:0,G,G[chr22:19314661[,999,PASS,SVTYPE=BND;HOMLEN=2;HOMSEQ=GG;MATEID=sawfish:0:1158:0:0:1;gene_name=SLC44A5,GT:GQ:PL:AD,"0/1:999:999,0,999:64,46"
chr1,81315621,sawfish:0:1242:0:0:0,T,[chr14:16834012[T,353,PASS,SVTYPE=BND;MATEID=sawfish:0:1242:0:0:1;gene_name=ADGRL2,GT:GQ:PL:AD,"0/1:386:386,0,999:59,12"
chr1,93636349,sawfish:0:1370:0:0:0,T,[chr11:56041616[T,225,PASS,SVTYPE=BND;MATEID=sawfish:0:1370:0:0:1;gene_name=BCAR3,GT:GQ:PL:AD,"0/1:258:258,0,999:86,11"
chr1,97745997,sawfish:0:1397:0:0:0,T,[chr2:53395129[T,999,PASS,SVTYPE=BND;HOMLEN=2;HOMSEQ=TG;MATEID=sawfish:0:1397:0:0:1;gene_name=DPYD,GT:GQ:PL:AD,"0/1:999:999,0,999:92,29"
chr1,101362842,sawfish:0:1437:0:0:0,T,T[chr3:89537048[,350,PASS,SVTYPE=BND;MATEID=sawfish:0:1437:0:0:1,GT:GQ:PL:AD,"0/1:383:383,0,999:107,15"
chr1,111274767,sawfish:0:1569:0:0:0,A,A[chr12:51417087[,999,PASS,SVTYPE=BND;HOMLEN=2;HOMSEQ=AG;MATEID=sawfish:0:1569:0:0:1,GT:GQ:PL:AD,"0/1:999:999,0,999:63,49"
chr1,111368225,sawfish:0:1573:0:0:0,A,]chr10:101163118]A,999,PASS,SVTYPE=BND;MATEID=sawfish:0:1573:0:0:1,GT:GQ:PL:AD,"0/1:999:999,0,999:70,40"
chr1,111368225,sawfish:0:651:0:0:1,A,[chr1:26640838[A,999,PASS,SVTYPE=BND;MATEID=sawfish:0:651:0:0:0,GT:GQ:PL:AD,"0/1:999:999,0,999:55,36"
chr1,117437861,sawfish:0:1645:0:0:0,C,]chr3:180075548]C,254,PASS,SVTYPE=BND;HOMLEN=1;HOMSEQ=C;MATEID=sawfish:0:1645:0:0:1;gene_name=MAN1A2,GT:GQ:PL:AD,"0/1:287:287,0,999:92,12"
chr1,117440660,sawfish:0:1650:0:0:0,G,G[chr3:180075485[,213,PASS,SVTYPE=BND;MATEID=sawfish:0:1650:0:0:1;gene_name=MAN1A2,GT:GQ:PL:AD,"0/1:246:246,0,999:90,11"
chr1,118871778,sawfish:0:1664:0:0:0,A,A[chr15:48704307[,999,PASS,SVTYPE=BND;MATEID=sawfish:0:1664:0:0:1;gene_name=LOC107985447,GT:GQ:PL:AD,"0/1:999:999,0,999:80,30"
chr1,126724162,sawfish:0:1785:0:0:0,T,]chr10:39262064]T,46,PASS,SVTYPE=BND;MATEID=sawfish:0:1785:0:0:1,GT:GQ:PL:AD,"0/1:79:79,0,999:130,10"
chr1,127575807,sawfish:0:2011:0:0:0,G,]chr10:42368214]G,91,PASS,SVTYPE=BND;HOMLEN=9;HOMSEQ=GAATGGAAT;MATEID=sawfish:0:2011:0:0:1,GT:GQ:PL:AD,"0/1:124:124,0,999:68,7"
chr1,127710193,sawfish:0:2076:0:0:0,T,]chr10:42394298]T,568,PASS,SVTYPE=BND;HOMLEN=2;HOMSEQ=TT;MATEID=sawfish:0:2076:0:0:1,GT:GQ:PL:AD,"0/1:601:601,0,999:50,16"
chr1,127711046,sawfish:0:2074:0:0:0,T,T]chr10:42175712],999,PASS,SVTYPE=BND;HOMLEN=1;HOMSEQ=T;MATEID=sawfish:0:2074:0:0:1,GT:GQ:PL:AD,"0/1:999:999,0,999:37,36"
chr1,128064345,sawfish:0:2097:0:0:0,A,[chr22:9695321[A,473,PASS,SVTYPE=BND;MATEID=sawfish:0:2097:0:0:1,GT:GQ:PL:AD,"0/1:506:506,0,999:35,13"
chr1,128167796,sawfish:0:2143:0:0:0,C,]chr14:5046696]C,56,PASS,SVTYPE=BND;MATEID=sawfish:0:2143:0:0:1,GT:GQ:PL:AD,"0/1:89:89,0,999:64,6"
chr1,128171729,sawfish:0:2148:0:0:0,C,[chr22:6187186[C,97,PASS,SVTYPE=BND;HOMLEN=15;HOMSEQ=CTGCACTGATCACCC;MATEID=sawfish:0:2148:0:0:1,GT:GQ:PL:AD,"0/1:130:130,0,999:144,12"
chr1,128171782,sawfish:0:2153:0:0:0,G,G[chr14:5045023[,429,PASS,SVTYPE=BND;HOMLEN=36;HOMSEQ=CTTGTGACATATCTCTGCACTGATCACCCAGGTGAT;MATEID=sawfish:0:2153:0:0:1,GT:GQ:PL:AD,"0/1:462:462,0,999:34,12"
chr1,128171789,sawfish:0:2150:0:0:0,A,]chr22:7890412]A,464,PASS,SVTYPE=BND;MATEID=sawfish:0:2150:0:0:1,GT:GQ:PL:AD,"0/1:497:497,0,999:69,15"
chr1,128172925,sawfish:0:2156:0:0:0,G,G]chr22:9604075],999,PASS,SVTYPE=BND;HOMLEN=1;HOMSEQ=T;MATEID=sawfish:0:2156:0:0:1,GT:GQ:PL:AD,"0/1:999:999,0,999:66,36"
chr1,128421251,sawfish:0:2194:0:0:0,C,C[chr19:45085570[,999,PASS,SVTYPE=BND;HOMLEN=2;HOMSEQ=GA;MATEID=sawfish:0:2194:0:0:1,GT:GQ:PL:AD,"0/1:999:999,0,999:63,48"
chr1,128421371,sawfish:0:2196:0:0:0,A,[chr10:983301[A,999,PASS,SVTYPE=BND;HOMLEN=1;HOMSEQ=A;MATEID=sawfish:0:2196:0:0:1,GT:GQ:PL:AD,"0/1:999:999,0,999:56,43"
chr1,128422055,sawfish:0:2198:0:0:0,C,C]chr19:45114512],999,PASS,SVTYPE=BND;MATEID=sawfish:0:2198:0:0:1,GT:GQ:PL:AD,"0/1:999:999,0,999:61,44"
chr1,128478571,sawfish:0:2209:0:0:0,T,[chr19:45150885[T,939,PASS,SVTYPE=BND;HOMLEN=1;HOMSEQ=T;MATEID=sawfish:0:2209:0:0:1,GT:GQ:PL:AD,"0/1:972:972,0,999:83,26"
chr1,128517700,sawfish:0:2230:0:0:0,C,C]chr21:6100342],999,PASS,SVTYPE=BND;HOMLEN=125;HOMSEQ=ACATATCTCTGCACTGATCACCCAGGTGATGTAACCCTTGTCTAGGCTCTGCTTACAGGGGGTATTGTGACATGTCTCTGCACTGAATACCTAAGTGATGTAACTCTAGTGTAGGCTCTGCCTAT;MATEID=sawfish:0:2230:0:0:1,GT:GQ:PL:AD,"0/1:999:999,0,999:59,33"
chr1,128743293,sawfish:0:2281:0:0:0,A,A]chr1:129027117],224,PASS,SVTYPE=BND;MATEID=sawfish:0:2281:0:0:1,GT:GQ:PL:AD,"0/1:257:257,0,999:55,9"
chr1,129027117,sawfish:0:2281:0:0:1,A,A]chr1:128743293],224,PASS,SVTYPE=BND;MATEID=sawfish:0:2281:0:0:0,GT:GQ:PL:AD,"0/1:257:257,0,999:55,9"
chr1,143183218,sawfish:0:2503:0:0:0,T,[chr1:143965339[T,999,PASS,SVTYPE=BND;HOMLEN=316;HOMSEQ=TGGCTGGCTTGGCTGGCTTGGCTGGCCAGGTGACTTGGCTGGCTTGAGTGGCTGAGTGGATTGGCTAGCTTGGCTGGCCGGCTGGCTTGGCTGTCTTGGCTGGCTGGGTTGCCTGGATGGCTTGGCAGGCTGGCTGGCTTGGCTGGCTTGGCTGGCAGGCTGGTTTGGCAGGCTTGGCTGTCTGGGCTGGCTGGGTGGCTGGCTGGCCTGGCTGGCTGGGTGGCTAGCTGGCTTGGCTGGCTTGTCTGGCTTGGCTGGCTGGGTGGCAGGCTGGCCTGGCTGGCTGGATGGCTGGCTGGCTTGGCTGGCTGGGTGG;MATEID=sawfish:0:2503:0:0:1;gene_name=LOC124904398,GT:GQ:PL:AD,"0/1:999:999,0,999:71,56"
chr1,143965023,sawfish:0:2503:0:0:1,C,[chr1:143183534[C,999,PASS,SVTYPE=BND;HOMLEN=316;HOMSEQ=CCACCCAGCCAGCCAAGCCAGCCAGCCATCCAGCCAGCCAGGCCAGCCTGCCACCCAGCCAGCCAAGCCAGACAAGCCAGCCAAGCCAGCTAGCCACCCAGCCAGCCAGGCCAGCCAGCCACCCAGCCAGCCCAGACAGCCAAGCCTGCCAAACCAGCCTGCCAGCCAAGCCAGCCAAGCCAGCCAGCCTGCCAAGCCATCCAGGCAACCCAGCCAGCCAAGACAGCCAAGCCAGCCGGCCAGCCAAGCTAGCCAATCCACTCAGCCACTCAAGCCAGCCAAGTCACCTGGCCAGCCAAGCCAGCCAAGCCAGCCA;MATEID=sawfish:0:2503:0:0:0,GT:GQ:PL:AD,"0/1:999:999,0,999:71,56"
chr1,150725102,sawfish:0:2663:0:0:0,G,G[chr5:135144965[,337,PASS,SVTYPE=BND;HOMLEN=3;HOMSEQ=AAA;MATEID=sawfish:0:2663:0:0:1,GT:GQ:PL:AD,"0/1:370:370,0,999:80,13"
chr1,151626392,sawfish:0:2675:0:0:0,A,]chr3:89049283]A,709,PASS,SVTYPE=BND;HOMLEN=1;HOMSEQ=A;MATEID=sawfish:0:2675:0:0:1,GT:GQ:PL:AD,"0/1:742:742,0,999:128,24"
chr1,186698252,sawfish:0:3092:0:0:0,T,[chr4:176453895[T,737,PASS,SVTYPE=BND;HOMLEN=3;HOMSEQ=TTT;MATEID=sawfish:0:3092:0:0:1;gene_name=LINC01036,GT:GQ:PL:AD,"0/1:770:770,0,999:119,24"
chr1,195565432,sawfish:0:3209:0:0:0,T,]chr4:172720472]T,199,PASS,SVTYPE=BND;HOMLEN=2;HOMSEQ=TT;MATEID=sawfish:0:3209:0:0:1,GT:GQ:PL:AD,"0/1:232:232,0,999:126,13"
chr1,212155918,sawfish:0:3430:0:0:0,A,[chr12:14584653[A,999,PASS,SVTYPE=BND;HOMLEN=25;HOMSEQ=ACCCATCAAGCTCAGCAAATTACCT;MATEID=sawfish:0:3430:0:0:1,GT:GQ:PL:AD,"0/1:999:999,0,999:96,29"
chr1,212155956,sawfish:0:3431:0:0:0,G,]chr10:77690662]G,999,PASS,SVTYPE=BND;MATEID=sawfish:0:3431:0:0:1,GT:GQ:PL:AD,"0/1:999:999,0,999:131,32"
chr1,217249997,sawfish:0:3498:0:0:0,T,T]chr7:113287606],999,PASS,SVTYPE=BND;HOMLEN=1;HOMSEQ=A;MATEID=sawfish:0:3498:0:0:1;gene_name=LOC105372922,GT:GQ:PL:AD,"0/1:999:999,0,999:94,37"
chr1,248387317,sawfish:0:4043:0:0:0,A,A]chr10:2329],384,PASS,SVTYPE=BND;HOMLEN=3;HOMSEQ=GGG;MATEID=sawfish:0:4043:0:0:1,GT:GQ:PL:AD,"0/1:67:417,0,67:2,9"
chr2,36117881,sawfish:0:4732:0:0:0,T,]chr7:95030327]T,74,PASS,SVTYPE=BND;MATEID=sawfish:0:4732:0:0:1,GT:GQ:PL:AD,"0/1:107:107,0,999:105,9"
chr2,53229652,sawfish:0:4920:0:0:0,A,A]chr21:310203],568,PASS,SVTYPE=BND;MATEID=sawfish:0:4920:0:0:1,GT:GQ:PL:AD,"0/1:601:601,0,999:128,21"
chr2,53395127,sawfish:0:1397:0:0:1,C,[chr1:97745999[C,999,PASS,SVTYPE=BND;HOMLEN=2;HOMSEQ=CA;MATEID=sawfish:0:1397:0:0:0,GT:GQ:PL:AD,"0/1:999:999,0,999:92,29"
chr2,72635217,sawfish:0:5130:0:0:0,A,[chr5:170485086[A,430,PASS,SVTYPE=BND;MATEID=sawfish:0:5130:0:0:1;gene_name=EXOC6B,GT:GQ:PL:AD,"0/1:463:463,0,999:49,13"
chr2,87418469,sawfish:0:5323:0:0:0,A,A]chr2:91696213],641,PASS,SVTYPE=BND;HOMLEN=3;HOMSEQ=AGC;MATEID=sawfish:0:5323:0:0:1,GT:GQ:PL:AD,"0/1:674:674,0,999:57,18"
chr2,87428004,sawfish:0:5338:0:0:0,A,[chr2:91698627[A,856,PASS,SVTYPE=BND;HOMLEN=15;HOMSEQ=AGCCAGCCAAGCCAG;MATEID=sawfish:0:5338:0:0:1,GT:GQ:PL:AD,"0/1:889:889,0,999:48,22"
chr2,90934445,sawfish:0:5495:0:0:0,G,[chr2:91665755[G,166,PASS,SVTYPE=BND;HOMLEN=41;HOMSEQ=GGCAAAAAGCCGCGGCGGCAGGGGGGCAAAAAGCCGCGGCG;MATEID=sawfish:0:5495:0:0:1,GT:GQ:PL:AD,"0/1:199:199,0,999:43,7"
chr2,91241387,sawfish:0:5669:0:0:0,C,C]chr2:91498132],999,PASS,SVTYPE=BND;HOMLEN=54;HOMSEQ=CAACGAATGGAATTCAAAGGAATCATCATCGAATGGAACCAAATAGAATCATCA;MATEID=sawfish:0:5669:0:0:1,GT:GQ:PL:AD,"1/1:170:999,170,0:1,72"
chr2,91498078,sawfish:0:5669:0:0:1,T,T]chr2:91241441],999,PASS,SVTYPE=BND;HOMLEN=54;HOMSEQ=TGATGATTCTATTTGGTTCCATTCGATGATGATTCCTTTGAATTCCATTCGTTG;MATEID=sawfish:0:5669:0:0:0,GT:GQ:PL:AD,"1/1:170:999,170,0:1,72"
chr2,91665714,sawfish:0:5495:0:0:1,C,[chr2:90934486[C,166,PASS,SVTYPE=BND;HOMLEN=41;HOMSEQ=CGCCGCGGCTTTTTGCCCCCCTGCCGCCGCGGCTTTTTGCC;MATEID=sawfish:0:5495:0:0:0,GT:GQ:PL:AD,"0/1:199:199,0,999:43,7"
chr2,91696210,sawfish:0:5323:0:0:1,G,G]chr2:87418472],641,PASS,SVTYPE=BND;HOMLEN=3;HOMSEQ=GCT;MATEID=sawfish:0:5323:0:0:0,GT:GQ:PL:AD,"0/1:674:674,0,999:57,18"
chr2,91698612,sawfish:0:5338:0:0:1,C,[chr2:87428019[C,856,PASS,SVTYPE=BND;HOMLEN=15;HOMSEQ=CTGGCTTGGCTGGCT;MATEID=sawfish:0:5338:0:0:0,GT:GQ:PL:AD,"0/1:889:889,0,999:48,22"
chr2,113820558,sawfish:0:6479:0:0:0,A,[chr12:48293027[A,999,PASS,SVTYPE=BND;MATEID=sawfish:0:6479:0:0:1;gene_name=LINC02966,GT:GQ:PL:AD,"0/1:999:999,0,999:34,32"
chr2,153460255,sawfish:0:6974:0:0:0,T,]chr6:24682793]T,525,PASS,SVTYPE=BND;MATEID=sawfish:0:6974:0:0:1;gene_name=LOC105373691,GT:GQ:PL:AD,"0/1:558:558,0,999:80,17"
chr2,153466311,sawfish:0:6975:0:0:0,G,G[chr6:24682780[,680,PASS,SVTYPE=BND;HOMLEN=2;HOMSEQ=TT;MATEID=sawfish:0:6975:0:0:1;gene_name=LOC105373691,GT:GQ:PL:AD,"0/1:713:713,0,999:91,21"
chr2,159751508,sawfish:0:7027:0:0:0,T,[chr3:58827089[T,999,PASS,SVTYPE=BND;MATEID=sawfish:0:7027:0:0:1,GT:GQ:PL:AD,"0/1:999:999,0,999:92,33"
chr2,178914206,sawfish:0:7227:0:0:0,T,]chr3:104121360]T,999,PASS,SVTYPE=BND;MATEID=sawfish:0:7227:0:0:1;gene_name=CHROMR,GT:GQ:PL:AD,"0/1:999:999,0,999:105,30"
chr2,179548680,sawfish:0:7238:0:0:0,A,]chr6:152029196]A,786,PASS,SVTYPE=BND;MATEID=sawfish:0:7238:0:0:1,GT:GQ:PL:AD,"0/1:819:819,0,999:87,23"
chr2,194171659,sawfish:0:7362:0:0:0,G,G[chr17:19987004[,796,PASS,SVTYPE=BND;MATEID=sawfish:0:7362:0:0:1,GT:GQ:PL:AD,"0/1:829:829,0,999:68,22"
chr2,196051799,sawfish:0:7393:0:0:0,G,]chr3:150645288]G,273,PASS,SVTYPE=BND;MATEID=sawfish:0:7393:0:0:1,GT:GQ:PL:AD,"0/1:306:306,0,999:39,9"
chr2,196053533,sawfish:0:7398:0:0:0,A,A[chr3:150645271[,298,PASS,SVTYPE=BND;MATEID=sawfish:0:7398:0:0:1,GT:GQ:PL:AD,"0/1:331:331,0,999:46,10"
chr2,219332459,sawfish:0:7667:0:0:0,C,]chr8:109252203]C,319,PASS,SVTYPE=BND;MATEID=sawfish:0:7667:0:0:1,GT:GQ:PL:AD,"0/1:352:352,0,999:86,13"
chr3,2,sawfish:0:8182:0:0:0,C,[chr21:45087327[C,864,PASS,SVTYPE=BND;HOMLEN=52;HOMSEQ=CTAACCCTAACCCTAACCCTAACCCTAACCCTAACCCTAACCCTAACCCTAA;MATEID=sawfish:0:8182:0:0:1,GT:GQ:PL:AD,"1/1:54:900,54,0:0,18"
chr3,2571,sawfish:0:8183:0:0:0,A,]chrY:5168]A,184,PASS,SVTYPE=BND;HOMLEN=41;HOMSEQ=ACCCTAACCCTAACCCTAACCCTAACCCTAACCCTAACCCT;MATEID=sawfish:0:8183:0:0:1,GT:GQ:PL:AD,"0/1:217:217,0,267:6,5"
chr3,4917415,sawfish:0:8266:0:0:0,T,T]chr4:153984982],76,PASS,SVTYPE=BND;MATEID=sawfish:0:8266:0:0:1;gene_name=BHLHE40-AS1,GT:GQ:PL:AD,"0/1:109:109,0,999:73,7"
chr3,12653480,sawfish:0:8356:0:0:0,T,[chr4:146293[T,794,PASS,SVTYPE=BND;HOMLEN=2;HOMSEQ=TA;MATEID=sawfish:0:8356:0:0:1;gene_name=RAF1,GT:GQ:PL:AD,"0/1:827:827,0,999:53,21"
chr3,58827089,sawfish:0:7027:0:0:1,A,[chr2:159751508[A,999,PASS,SVTYPE=BND;MATEID=sawfish:0:7027:0:0:0;gene_name=CFAP20DC,GT:GQ:PL:AD,"0/1:999:999,0,999:92,33"
chr3,82621378,sawfish:0:9134:0:0:0,A,A]chr8:69185476],195,PASS,SVTYPE=BND;MATEID=sawfish:0:9134:0:0:1,GT:GQ:PL:AD,"0/1:228:228,0,999:49,8"
chr3,84703564,sawfish:0:9169:0:0:0,T,]chr11:96015314]T,773,PASS,SVTYPE=BND;HOMLEN=120;HOMSEQ=TGGGAGATATACCTAATGCTAGATGACGAGTTAGTGGGTGCAGCGCACCAGCATGGCACATGTATACATATGTAACTAACCTGCACAATGTGCACATGTACCCTAAAACTTAAAGTATAA;MATEID=sawfish:0:9169:0:0:1;gene_name=LINC00971,GT:GQ:PL:AD,"0/1:806:806,0,999:107,24"
chr3,89049269,sawfish:0:9238:0:0:0,A,]chr5:178320055]A,999,PASS,SVTYPE=BND;HOMLEN=4;HOMSEQ=AGAA;MATEID=sawfish:0:9238:0:0:1,GT:GQ:PL:AD,"0/1:999:999,0,999:68,43"
chr3,89049283,sawfish:0:2675:0:0:1,T,T[chr1:151626392[,709,PASS,SVTYPE=BND;HOMLEN=1;HOMSEQ=A;MATEID=sawfish:0:2675:0:0:0,GT:GQ:PL:AD,"0/1:742:742,0,999:128,24"
chr3,89537048,sawfish:0:1437:0:0:1,C,]chr1:101362842]C,350,PASS,SVTYPE=BND;MATEID=sawfish:0:1437:0:0:0;gene_name=EPHA3,GT:GQ:PL:AD,"0/1:383:383,0,999:107,15"
chr3,95478996,sawfish:0:9610:0:0:0,T,TTCC[chr21:2051638[,999,PASS,SVTYPE=BND;MATEID=sawfish:0:9610:0:0:1;INSLEN=3,GT:GQ:PL:AD,"0/1:999:999,0,999:30,57"
chr3,96413025,sawfish:0:9659:0:0:0,A,]chr10:42061042]A,260,PASS,SVTYPE=BND;HOMLEN=7;HOMSEQ=ATGAAGA;MATEID=sawfish:0:9659:0:0:1,GT:GQ:PL:AD,"0/1:293:293,0,999:90,12"
chr3,104121360,sawfish:0:7227:0:0:1,T,T[chr2:178914206[,999,PASS,SVTYPE=BND;MATEID=sawfish:0:7227:0:0:0;gene_name=SENP7,GT:GQ:PL:AD,"0/1:999:999,0,999:105,30"
chr3,135696438,sawfish:0:10068:0:0:0,C,C[chr21:20621842[,295,PASS,SVTYPE=BND;HOMLEN=1;HOMSEQ=A;MATEID=sawfish:0:10068:0:0:1,GT:GQ:PL:AD,"0/1:328:328,0,999:94,13"
chr3,139225801,sawfish:0:10109:0:0:0,T,T[chr18:15256429[,999,PASS,SVTYPE=BND;MATEID=sawfish:0:10109:0:0:1;gene_name=STAG1,GT:GQ:PL:AD,"0/1:999:999,0,999:60,38"
chr3,140867115,sawfish:0:10127:0:0:0,A,]chr10:44304335]A,395,PASS,SVTYPE=BND;MATEID=sawfish:0:10127:0:0:1;gene_name=A4GNT,GT:GQ:PL:AD,"0/1:428:428,0,999:92,15"
chr3,140867134,sawfish:0:10129:0:0:0,T,T[chr10:44301631[,207,PASS,SVTYPE=BND;MATEID=sawfish:0:10129:0:0:1;gene_name=A4GNT,GT:GQ:PL:AD,"0/1:240:240,0,999:92,11"
chr3,150645271,sawfish:0:10245:0:0:0,A,]chr9:123814007]A,344,PASS,SVTYPE=BND;HOMLEN=2;HOMSEQ=AA;MATEID=sawfish:0:10245:0:0:1,GT:GQ:PL:AD,"0/1:377:377,0,999:62,12"
chr3,150645271,sawfish:0:7398:0:0:1,A,]chr2:196053533]A,298,PASS,SVTYPE=BND;MATEID=sawfish:0:7398:0:0:0,GT:GQ:PL:AD,"0/1:331:331,0,999:46,10"
chr3,150645288,sawfish:0:7393:0:0:1,A,A[chr2:196051799[,273,PASS,SVTYPE=BND;MATEID=sawfish:0:7393:0:0:0,GT:GQ:PL:AD,"0/1:306:306,0,999:39,9"
chr3,151318628,sawfish:0:10259:0:0:0,G,[chr22:19315013[G,999,PASS,SVTYPE=BND;MATEID=sawfish:0:10259:0:0:1,GT:GQ:PL:AD,"0/1:999:999,0,999:54,32"
chr3,151318657,sawfish:0:10262:0:0:0,A,A[chr6:78898867[,999,PASS,SVTYPE=BND;MATEID=sawfish:0:10262:0:0:1,GT:GQ:PL:AD,"0/1:999:999,0,999:41,41"
chr3,180075485,sawfish:0:1650:0:0:1,A,]chr1:117440660]A,213,PASS,SVTYPE=BND;MATEID=sawfish:0:1650:0:0:0,GT:GQ:PL:AD,"0/1:246:246,0,999:90,11"
chr3,180075548,sawfish:0:1645:0:0:1,T,T[chr1:117437861[,254,PASS,SVTYPE=BND;HOMLEN=1;HOMSEQ=C;MATEID=sawfish:0:1645:0:0:0,GT:GQ:PL:AD,"0/1:287:287,0,999:92,12"
chr3,191454101,sawfish:0:10692:0:0:0,A,A]chr18:36431932],921,PASS,SVTYPE=BND;HOMLEN=76;HOMSEQ=GAAGGAAAACTAACAAACAGAAAGGACATCCACACCAAAAACCCATCTGTACATCACCATCATCAAAGACCAAAAG;MATEID=sawfish:0:10692:0:0:1;gene_name=LPP,GT:GQ:PL:AD,"0/1:954:954,0,999:89,26"
chr3,191454254,sawfish:0:10694:0:0:0,G,[chrX:65393379[G,868,PASS,SVTYPE=BND;HOMLEN=32;HOMSEQ=GACCTAATAGACATCTGCAGAACTCTCCACCC;MATEID=sawfish:0:10694:0:0:1;gene_name=LPP,GT:GQ:PL:AD,"0/1:901:901,0,999:91,25"
chr3,198326261,sawfish:0:10835:0:0:0,C,[chr3:198641027[C,999,PASS,SVTYPE=BND;HOMLEN=3;HOMSEQ=CCC;MATEID=sawfish:0:10835:0:0:1,GT:GQ:PL:AD,"0/1:999:999,0,999:97,110"
chr3,198641024,sawfish:0:10835:0:0:1,G,[chr3:198326264[G,999,PASS,SVTYPE=BND;HOMLEN=3;HOMSEQ=GGG;MATEID=sawfish:0:10835:0:0:0;gene_name=MUC20P1,GT:GQ:PL:AD,"0/1:999:999,0,999:97,110"
chr3,200904723,sawfish:0:11045:0:0:0,T,T[chr15:99750354[,80,PASS,SVTYPE=BND;MATEID=sawfish:0:11045:0:0:1;gene_name=FAM157A,GT:GQ:PL:AD,"0/1:113:113,0,999:56,6"
chr3,201088902,sawfish:0:11051:0:0:0,T,T]chr20:81685],136,PASS,SVTYPE=BND;MATEID=sawfish:0:11051:0:0:1;gene_name=WASH8P,GT:GQ:PL:AD,"0/1:169:169,0,999:53,7"
chr4,35230,sawfish:0:11068:0:0:0,T,T]chr4:193494373],259,PASS,SVTYPE=BND;MATEID=sawfish:0:11068:0:0:1,GT:GQ:PL:AD,"0/1:292:292,0,999:59,10"
chr4,146291,sawfish:0:11080:0:0:0,T,[chr10:100975835[T,686,PASS,SVTYPE=BND;HOMLEN=2;HOMSEQ=TA;MATEID=sawfish:0:11080:0:0:1;gene_name=ZNF718,GT:GQ:PL:AD,"0/1:719:719,0,999:89,21"
chr4,146291,sawfish:0:8356:0:0:1,T,[chr3:12653482[T,794,PASS,SVTYPE=BND;HOMLEN=2;HOMSEQ=TA;MATEID=sawfish:0:8356:0:0:0;gene_name=ZNF718,GT:GQ:PL:AD,"0/1:827:827,0,999:53,21"
chr4,7926467,sawfish:0:11393:0:0:0,A,[chr16:22135586[A,475,PASS,SVTYPE=BND;MATEID=sawfish:0:11393:0:0:1,GT:GQ:PL:AD,"0/1:508:508,0,999:81,16"
chr4,7926524,sawfish:0:11395:0:0:0,G,G]chr16:22209084],119,PASS,SVTYPE=BND;HOMLEN=1;HOMSEQ=G;MATEID=sawfish:0:11395:0:0:1,GT:GQ:PL:AD,"0/1:152:152,0,999:90,9"
chr4,14816563,sawfish:0:11485:0:0:0,T,T]chr4:14817382],501,PASS,SVTYPE=BND;HOMLEN=2;HOMSEQ=AT;MATEID=sawfish:0:11485:0:0:1;gene_name=LINC00504,GT:GQ:PL:AD,"0/1:534:534,0,999:41,14"
chr4,14817380,sawfish:0:11485:0:0:1,T,T]chr4:14816565],501,PASS,SVTYPE=BND;HOMLEN=2;HOMSEQ=AT;MATEID=sawfish:0:11485:0:0:0;gene_name=LINC00504,GT:GQ:PL:AD,"0/1:534:534,0,999:41,14"
chr4,49070907,sawfish:0:11927:0:0:0,A,A[chr13:10291947[,999,PASS,SVTYPE=BND;HOMLEN=2;HOMSEQ=TT;MATEID=sawfish:0:11927:0:0:1,GT:GQ:PL:AD,"0/1:999:999,0,999:36,31"
chr4,62528612,sawfish:0:12634:0:0:0,A,[chr8:115901185[A,373,PASS,SVTYPE=BND;MATEID=sawfish:0:12634:0:0:1,GT:GQ:PL:AD,"0/1:406:406,0,999:37,11"
chr4,69700204,sawfish:0:12746:0:0:0,T,T[chr12:92657748[,999,PASS,SVTYPE=BND;HOMLEN=4;HOMSEQ=CCAG;MATEID=sawfish:0:12746:0:0:1,GT:GQ:PL:AD,"0/1:999:999,0,999:59,42"
chr4,86510589,sawfish:0:12936:0:0:0,A,[chr6:31309816[A,951,PASS,SVTYPE=BND;HOMLEN=3;HOMSEQ=AAA;MATEID=sawfish:0:12936:0:0:1;gene_name=LOC124900167,GT:GQ:PL:AD,"0/1:984:984,0,999:79,26"
chr4,86513183,sawfish:0:12940:0:0:0,A,A]chr6:31309835],251,PASS,SVTYPE=BND;MATEID=sawfish:0:12940:0:0:1;gene_name=LOC124900167,GT:GQ:PL:AD,"0/1:284:284,0,999:93,12"
chr4,153984982,sawfish:0:8266:0:0:1,A,A]chr3:4917415],76,PASS,SVTYPE=BND;MATEID=sawfish:0:8266:0:0:0;gene_name=LRBA,GT:GQ:PL:AD,"0/1:109:109,0,999:73,7"
chr4,168582739,sawfish:0:13877:0:0:0,T,]chr11:58349113]T,150,PASS,SVTYPE=BND;HOMLEN=1;HOMSEQ=T;MATEID=sawfish:0:13877:0:0:1;gene_name=KLHL2,GT:GQ:PL:AD,"0/1:183:183,0,999:111,11"
chr4,172720472,sawfish:0:3209:0:0:1,T,T[chr1:195565432[,199,PASS,SVTYPE=BND;HOMLEN=2;HOMSEQ=TT;MATEID=sawfish:0:3209:0:0:0,GT:GQ:PL:AD,"0/1:232:232,0,999:126,13"
chr4,176453892,sawfish:0:3092:0:0:1,A,[chr1:186698255[A,737,PASS,SVTYPE=BND;HOMLEN=3;HOMSEQ=AAA;MATEID=sawfish:0:3092:0:0:0,GT:GQ:PL:AD,"0/1:770:770,0,999:119,24"
chr4,193494373,sawfish:0:11068:0:0:1,G,G]chr4:35230],259,PASS,SVTYPE=BND;MATEID=sawfish:0:11068:0:0:0,GT:GQ:PL:AD,"0/1:292:292,0,999:59,10"
chr5,220,sawfish:0:14458:0:0:0,A,]chr9:3168]A,264,PASS,SVTYPE=BND;HOMLEN=4;HOMSEQ=ACCC;MATEID=sawfish:0:14458:0:0:1,GT:GQ:PL:AD,"1/1:18:300,18,0:0,6"
chr5,699802,sawfish:0:14590:0:0:0,C,C]chr13:83146633],428,PASS,SVTYPE=BND;MATEID=sawfish:0:14590:0:0:1,GT:GQ:PL:AD,"0/1:461:461,0,999:81,15"
chr5,2264649,sawfish:0:14744:0:0:0,T,]chr14:92550473]T,242,PASS,SVTYPE=BND;MATEID=sawfish:0:14744:0:0:1,GT:GQ:PL:AD,"0/1:275:275,0,999:96,12"
chr5,50026824,sawfish:0:15654:0:0:0,C,C]chr9:48563575],407,PASS,SVTYPE=BND;HOMLEN=12;HOMSEQ=TATGTCACAAAG;MATEID=sawfish:0:15654:0:0:1,GT:GQ:PL:AD,"0/1:440:440,0,999:88,15"
chr5,65290297,sawfish:0:15885:0:0:0,T,[chr5:65297783[T,999,PASS,SVTYPE=BND;MATEID=sawfish:0:15885:0:0:1,GT:GQ:PL:AD,"0/1:356:999,0,356:10,38"
chr5,65297783,sawfish:0:15885:0:0:1,A,[chr5:65290297[A,999,PASS,SVTYPE=BND;MATEID=sawfish:0:15885:0:0:0,GT:GQ:PL:AD,"0/1:356:999,0,356:10,38"
chr5,100032415,sawfish:0:16277:0:0:0,G,G]chr5:100572392],999,PASS,SVTYPE=BND;HOMLEN=32;HOMSEQ=ACAGGGTTTCACCATGTTGGCCAGGCTGGTCT;MATEID=sawfish:0:16277:0:0:1;gene_name=LINC02113,GT:GQ:PL:AD,"0/1:999:999,0,999:56,48"
chr5,100572360,sawfish:0:16277:0:0:1,A,A]chr5:100032447],999,PASS,SVTYPE=BND;HOMLEN=32;HOMSEQ=AGACCAGCCTGGCCAACATGGTGAAACCCTGT;MATEID=sawfish:0:16277:0:0:0,GT:GQ:PL:AD,"0/1:999:999,0,999:56,48"
chr5,115934080,sawfish:0:16487:0:0:0,T,T[chr13:39272891[,641,PASS,SVTYPE=BND;MATEID=sawfish:0:16487:0:0:1,GT:GQ:PL:AD,"0/1:674:674,0,999:104,21"
chr5,135144965,sawfish:0:2663:0:0:1,A,]chr1:150725102]A,337,PASS,SVTYPE=BND;HOMLEN=3;HOMSEQ=AAA;MATEID=sawfish:0:2663:0:0:0;gene_name=SAR1B,GT:GQ:PL:AD,"0/1:370:370,0,999:80,13"
chr5,154481257,sawfish:0:16904:0:0:0,C,C[chr21:35491691[,999,PASS,SVTYPE=BND;HOMLEN=19;HOMSEQ=GATCAAACTGCAAGGTGGC;MATEID=sawfish:0:16904:0:0:1,GT:GQ:PL:AD,"0/1:999:999,0,999:59,42"
chr5,154481284,sawfish:0:16906:0:0:0,G,]chr20:30966331]G,999,PASS,SVTYPE=BND;HOMLEN=2;HOMSEQ=GG;MATEID=sawfish:0:16906:0:0:1,GT:GQ:PL:AD,"0/1:869:999,0,869:21,39"
chr5,154481286,sawfish:0:16907:0:0:0,G,]chr21:35496834]G,999,PASS,SVTYPE=BND;HOMLEN=16;HOMSEQ=GATTCCTCAGGGATCT;MATEID=sawfish:0:16907:0:0:1,GT:GQ:PL:AD,"0/1:999:999,0,999:69,38"
chr5,170485086,sawfish:0:5130:0:0:1,T,[chr2:72635217[T,430,PASS,SVTYPE=BND;MATEID=sawfish:0:5130:0:0:0;gene_name=DOCK2,GT:GQ:PL:AD,"0/1:463:463,0,999:49,13"
chr5,178320055,sawfish:0:9238:0:0:1,A,A[chr3:89049269[,999,PASS,SVTYPE=BND;HOMLEN=4;HOMSEQ=AGAA;MATEID=sawfish:0:9238:0:0:0;gene_name=FAM153A,GT:GQ:PL:AD,"0/1:999:999,0,999:68,43"
chr5,182045385,sawfish:0:17362:0:0:0,A,A]chr7:1354],999,PASS,SVTYPE=BND;HOMLEN=50;HOMSEQ=GGGTTAGGGTTAGGGTTAGGGTTAGGGTTAGGGTTAGGGTTAGGGTTAGG;MATEID=sawfish:0:17362:0:0:1,GT:GQ:PL:AD,"1/1:87:999,87,0:0,29"
chr6,4108,sawfish:0:17370:0:0:0,G,[chr20:66105929[G,856,PASS,SVTYPE=BND;HOMLEN=224;HOMSEQ=GTGCATGAAAACATCCTAGGAGTCCTGTGCAGGGAATTTTATTTTGGACTTCTTCACATTCCTGCCTCTGTCTCAAGTCTCCACCTGTTCTCTTTGTCTGGTTTTCCTGCTACTGCCTTAGGTCCCCGACTTGCCACACTTAGGCTTGTGGGACCTCCTCACTGTTGGTTGAGGTACATGTGTGGTGATCAATCCGAATCCACTCTGGCACCAGCCTCCTTCCC;MATEID=sawfish:0:17370:0:0:1,GT:GQ:PL:AD,"0/1:889:889,0,999:48,22"
chr6,13755881,sawfish:0:17610:0:0:0,G,G[chrX:45594442[,380,PASS,SVTYPE=BND;HOMLEN=4;HOMSEQ=AGGG;MATEID=sawfish:0:17610:0:0:1,GT:GQ:PL:AD,"0/1:413:413,0,999:97,15"
chr6,13755883,sawfish:0:17607:0:0:0,G,]chr12:38591162]G,642,PASS,SVTYPE=BND;HOMLEN=10;HOMSEQ=GGGATATAAA;MATEID=sawfish:0:17607:0:0:1,GT:GQ:PL:AD,"0/1:675:675,0,999:88,20"
chr6,24682780,sawfish:0:6975:0:0:1,T,]chr2:153466311]T,680,PASS,SVTYPE=BND;HOMLEN=2;HOMSEQ=TT;MATEID=sawfish:0:6975:0:0:0;gene_name=RIPOR2,GT:GQ:PL:AD,"0/1:713:713,0,999:91,21"
chr6,24682793,sawfish:0:6974:0:0:1,T,T[chr2:153460255[,525,PASS,SVTYPE=BND;MATEID=sawfish:0:6974:0:0:0;gene_name=RIPOR2,GT:GQ:PL:AD,"0/1:558:558,0,999:80,17"
chr6,26600311,sawfish:0:17764:0:0:0,G,G]chr6:26616160],366,PASS,SVTYPE=BND;HOMLEN=407;HOMSEQ=TGAAGAAACATGTCAAGGGGCAGGAAATAGATACAATGAAATAAATACAACATAGAGGTGTTTCTAAGGATAAAAGGCCCAGTTCCTTCAACAACTAACTGGCATTAACTCTTTATGATACTATAATGGTAAATATATGTCATTATACATTTGTTAAAAAAAAAAAAAACCCAGGATGTATAACACAAAGAGCAAACTGTAATGTAAACTGTGGACTTCAGTTAACAATAATGTATTAGTAATTACTGGTTTACCAGTTGTAACAAGTGTACCATACTGATGCAAGATGTTAATAATAGGGAAAATTGTAAGAGAGGGAGAGTGATGGAGTTTATGGAAATTCTATCTATTCTGGTCAATTTTTCTTTAAACCCAGAACTTCTCTAAAAAATAATGTCTATCAATTT;MATEID=sawfish:0:17764:0:0:1,GT:GQ:PL:AD,"0/1:399:399,0,999:39,11"
chr6,26615753,sawfish:0:17764:0:0:1,T,T]chr6:26600718],366,PASS,SVTYPE=BND;HOMLEN=407;HOMSEQ=AAATTGATAGACATTATTTTTTAGAGAAGTTCTGGGTTTAAAGAAAAATTGACCAGAATAGATAGAATTTCCATAAACTCCATCACTCTCCCTCTCTTACAATTTTCCCTATTATTAACATCTTGCATCAGTATGGTACACTTGTTACAACTGGTAAACCAGTAATTACTAATACATTATTGTTAACTGAAGTCCACAGTTTACATTACAGTTTGCTCTTTGTGTTATACATCCTGGGTTTTTTTTTTTTTTAACAAATGTATAATGACATATATTTACCATTATAGTATCATAAAGAGTTAATGCCAGTTAGTTGTTGAAGGAACTGGGCCTTTTATCCTTAGAAACACCTCTATGTTGTATTTATTTCATTGTATCTATTTCCTGCCCCTTGACATGTTTCTTCA;MATEID=sawfish:0:17764:0:0:0,GT:GQ:PL:AD,"0/1:399:399,0,999:39,11"
chr6,29603853,sawfish:0:17830:0:0:0,A,]chr7:55381802]A,340,PASS,SVTYPE=BND;MATEID=sawfish:0:17830:0:0:1;gene_name=HLA-F,GT:GQ:PL:AD,"0/1:373:373,0,999:79,13"
chr6,31309813,sawfish:0:12936:0:0:1,T,[chr4:86510592[T,951,PASS,SVTYPE=BND;HOMLEN=3;HOMSEQ=TTT;MATEID=sawfish:0:12936:0:0:0,GT:GQ:PL:AD,"0/1:984:984,0,999:79,26"
chr6,31309835,sawfish:0:12940:0:0:1,A,A]chr4:86513183],251,PASS,SVTYPE=BND;MATEID=sawfish:0:12940:0:0:0,GT:GQ:PL:AD,"0/1:284:284,0,999:93,12"
chr6,31706329,sawfish:0:17903:0:0:0,T,[chr13:48598361[T,666,PASS,SVTYPE=BND;HOMLEN=3;HOMSEQ=TTT;MATEID=sawfish:0:17903:0:0:1,GT:GQ:PL:AD,"0/1:699:699,0,999:80,20"
chr6,32475230,sawfish:0:17943:0:0:0,A,]chr19:13830782]A,161,PASS,SVTYPE=BND;MATEID=sawfish:0:17943:0:0:1;gene_name=HLA-DQA1,GT:GQ:PL:AD,"0/1:194:194,0,999:76,9"
chr6,32883877,sawfish:0:17972:0:0:0,C,[chrX:143692063[C,336,PASS,SVTYPE=BND;HOMLEN=2;HOMSEQ=CT;MATEID=sawfish:0:17972:0:0:1,GT:GQ:PL:AD,"0/1:369:369,0,999:49,11"
chr6,44322034,sawfish:0:18126:0:0:0,A,[chr19:47272761[A,999,PASS,SVTYPE=BND;MATEID=sawfish:0:18126:0:0:1,GT:GQ:PL:AD,"0/1:999:999,0,999:27,32"
chr6,51821278,sawfish:0:18202:0:0:0,A,A[chr6:101920075[,317,PASS,SVTYPE=BND;MATEID=sawfish:0:18202:0:0:1;gene_name=PKHD1,GT:GQ:PL:AD,"0/1:350:350,0,999:71,12"
chr6,67489315,sawfish:0:18446:0:0:0,T,T]chr12:94337103],999,PASS,SVTYPE=BND;MATEID=sawfish:0:18446:0:0:1,GT:GQ:PL:AD,"0/1:999:999,0,999:57,44"
chr6,72445840,sawfish:0:18540:0:0:0,T,[chr14:29563162[T,999,PASS,SVTYPE=BND;HOMLEN=5;HOMSEQ=TTTTT;MATEID=sawfish:0:18540:0:0:1;gene_name=LOC124901339,GT:GQ:PL:AD,"0/1:999:999,0,999:90,29"
chr6,72447909,sawfish:0:18543:0:0:0,G,G]chr14:29563175],262,PASS,SVTYPE=BND;HOMLEN=2;HOMSEQ=AG;MATEID=sawfish:0:18543:0:0:1;gene_name=LOC124901339,GT:GQ:PL:AD,"0/1:295:295,0,999:105,13"
chr6,78898867,sawfish:0:10262:0:0:1,A,]chr3:151318657]A,999,PASS,SVTYPE=BND;MATEID=sawfish:0:10262:0:0:0;gene_name=MEI4,GT:GQ:PL:AD,"0/1:999:999,0,999:41,41"
chr6,84561766,sawfish:0:18722:0:0:0,C,[chr11:104689628[C,999,PASS,SVTYPE=BND;HOMLEN=4;HOMSEQ=CTGA;MATEID=sawfish:0:18722:0:0:1;gene_name=ME1,GT:GQ:PL:AD,"0/1:999:999,0,999:55,54"
chr6,101920075,sawfish:0:18202:0:0:1,A,]chr6:51821278]A,317,PASS,SVTYPE=BND;MATEID=sawfish:0:18202:0:0:0;gene_name=ASCC3,GT:GQ:PL:AD,"0/1:350:350,0,999:71,12"
chr6,126578690,sawfish:0:19160:0:0:0,G,G]chr13:50376221],58,PASS,SVTYPE=BND;MATEID=sawfish:0:19160:0:0:1;gene_name=LOC102723341,GT:GQ:PL:AD,"0/1:91:91,0,999:79,7"
chr6,132892661,sawfish:0:19218:0:0:0,G,[chr7:145478085[TTACACCACCACCTACCACCTGAGTTCTTTTTCTGTACTCTTTCCATGTGCACCACAAAAACTTATCCTCCAGTCTATGGAAAATCTAATATTTATACATATTTATCTAGTACATTGCAGGTGCCTTATGCCCTCTTTAGTGCCATGCTTAATGAAAGATAAGACATAGATTTAGCATCCATTTGGGTTTATATTCTATTGCAATAAATATATTCTCATAGATTAGCATGTATTGTGACTGTACTGGCAATAATTAAATGCATAATTTATTAAACAGCTGACATGTATTAATTTTCCTGAGCTGTAACATCTCTCCATAATATACTGTGCTATACTTTCCTTTGGCTGCGAAAATTATTTCATACATTTTATCAAAATCTATAAAACAGAAATTTCTGGCTTTTTTTGTGAGTGTCATCTTTCCCAAAGAAATCTCTATCACATAGATATTTCTCCACCAAAGAAACATATATAGCCAAGTCCTAAACACTTTTACATAATTTGCACATCAAATGTGCATCTATTTTTCCCCTGGAACCATTGATATATAATATGAATAATGAGCATATATGTTTAGCCATAAAATAAATGATTTACTTCCCTTCCCATTACTTAATAAAAAGTGTTAGTAACAGAGTGAGAGTGAACCAAAGCCTAGGTGCCACCACGAGTCTAGGAGGAATTCATGGTAAGTAAAGAAAGGCAACCTGGTTAGCTCCCACATTCGGACTCAAGGATCTCAGAAGGGTGAAGCACCGCAAGGTTTCTGGGAGTTTCTGTGGGAGCTGCAGAATCTTTGCTTCTGTTTCTGATTGAAAAGGTATCAGAATCCTCAGAAAATGAGGTGTTATTCTCTGATGGGCTCAGTCTGGTTGGCAGTTCAGGGCTCTCAGGAGGGGCTGGGCCATGAAACTTCCTACATGTTCAACTCCTCGGGGAAGGAGAGATAAAACAATTGTGTTTTTCAATTTTCTGTTCTCAACCCCAGCAGGATGCACAATTAAGAAACACATATTAAGAAACCGCATATTCTCACTCATAGGTGGGAATTGAACAATGAGATCACACGGGCACAGGAAGGGGAATATCACACTCTGGGGACTGTTCTGGGGTGGGGGGAGGGGGGAGGGATAGCGTTGGGAGATATACCTAATGCTAGATGACGAGTTAGTGGGTGCAGCGCACCAGCATGGCACATGTATACATATGTAACTAACCTGCACAATGTGCACATGTACCATAAAACCTAAAGTATAATTTAAAAAAAAAAAGAAAAGGAAGAAAACGCAAGCTCAAGGTCAGTCAACCACAGAGCACACCTCTGAGACAACCATTCCCATCCCGGAATACTTGGCATGATTTGAATTTCATGAATACTCACATTGCCCTTGTTCCCCAATCTCCAGATGGTTCAAGTGAACCTGTCAGGAAGCAGGAACAGTGTGACAATGAATAAGCTCCCTGGTGTGAACCTCTGGAGCTCAGCCTCTCCCTGATGTAATCTGGGTTCCTTGTGTGGCAACAGTAATGGGAAGAAAGGACCTGAAATATTAGTTGATTCCAAGGGACCCTCTAAGGTTAGAGAGGCAGAGAGCAGACAAGGGTGTCCAAAATGTCCCAGTG,999,PASS,SVTYPE=BND;MATEID=sawfish:0:19218:0:0:1;INSLEN=1622;gene_name=ENPP3,GT:GQ:PL:AD,"0/1:999:999,0,999:117,33"
chr6,134215679,sawfish:0:19238:0:0:0,T,T]chr10:9494415],260,PASS,SVTYPE=BND;MATEID=sawfish:0:19238:0:0:1,GT:GQ:PL:AD,"0/1:293:293,0,999:43,9"
chr6,152029196,sawfish:0:7238:0:0:1,A,A[chr2:179548680[,786,PASS,SVTYPE=BND;MATEID=sawfish:0:7238:0:0:0;gene_name=PLEKHG1,GT:GQ:PL:AD,"0/1:819:819,0,999:87,23"
chr6,158789724,sawfish:0:19618:0:0:0,T,T[chr16:35880221[,999,PASS,SVTYPE=BND;HOMLEN=6;HOMSEQ=CTTTTT;MATEID=sawfish:0:19618:0:0:1;gene_name=ZDHHC14,GT:GQ:PL:AD,"0/1:999:999,0,999:47,46"
chr6,172126558,sawfish:0:20123:0:0:0,A,A]chr9:1685],464,PASS,SVTYPE=BND;HOMLEN=51;HOMSEQ=GGGTTAGGGTTAGGGTTAGGGTTAGGGTTAGGGTTAGGGTTAGGGTTAGGG;MATEID=sawfish:0:20123:0:0:1,GT:GQ:PL:AD,"1/1:30:500,30,0:0,10"
chr7,62,sawfish:0:20127:0:0:0,C,]chr20:1897]C,745,PASS,SVTYPE=BND;HOMLEN=3;HOMSEQ=CCC;MATEID=sawfish:0:20127:0:0:1,GT:GQ:PL:AD,"0/1:278:778,0,278:7,17"
chr7,1304,sawfish:0:17362:0:0:1,C,C]chr5:182045435],999,PASS,SVTYPE=BND;HOMLEN=50;HOMSEQ=CCTAACCCTAACCCTAACCCTAACCCTAACCCTAACCCTAACCCTAACCC;MATEID=sawfish:0:17362:0:0:0,GT:GQ:PL:AD,"1/1:87:999,87,0:0,29"
chr7,3833279,sawfish:0:20370:0:0:0,T,[chr10:13909739[T,118,PASS,SVTYPE=BND;HOMLEN=1;HOMSEQ=T;MATEID=sawfish:0:20370:0:0:1;gene_name=SDK1,GT:GQ:PL:AD,"0/1:151:151,0,999:106,10"
chr7,3835887,sawfish:0:20373:0:0:0,C,C]chr10:13909162],24,PASS,SVTYPE=BND;MATEID=sawfish:0:20373:0:0:1;gene_name=SDK1,GT:GQ:PL:AD,"0/1:57:57,0,999:106,8"
chr7,22646189,sawfish:0:20641:0:0:0,A,[chr9:145235342[A,999,PASS,SVTYPE=BND;MATEID=sawfish:0:20641:0:0:1,GT:GQ:PL:AD,"0/1:999:999,0,999:67,44"
chr7,29929417,sawfish:0:20715:0:0:0,G,[chr11:20668218[G,986,PASS,SVTYPE=BND;HOMLEN=3;HOMSEQ=GGA;MATEID=sawfish:0:20715:0:0:1,GT:GQ:PL:AD,"0/1:999:999,0,999:83,27"
chr7,55381802,sawfish:0:17830:0:0:1,G,G[chr6:29603853[,340,PASS,SVTYPE=BND;MATEID=sawfish:0:17830:0:0:0,GT:GQ:PL:AD,"0/1:373:373,0,999:79,13"
chr7,55923343,sawfish:0:21047:0:0:0,T,]chr7:64257443]T,627,PASS,SVTYPE=BND;HOMLEN=1;HOMSEQ=T;MATEID=sawfish:0:21047:0:0:1,GT:GQ:PL:AD,"0/1:660:660,0,999:93,20"
chr7,56309910,sawfish:0:21058:0:0:0,A,]chr9:89920078]A,192,PASS,SVTYPE=BND;MATEID=sawfish:0:21058:0:0:1,GT:GQ:PL:AD,"0/1:225:225,0,999:97,11"
chr7,56309921,sawfish:0:21061:0:0:0,G,G[chr9:89917460[,999,PASS,SVTYPE=BND;HOMLEN=1;HOMSEQ=A;MATEID=sawfish:0:21061:0:0:1,GT:GQ:PL:AD,"0/1:999:999,0,999:79,31"
chr7,64257443,sawfish:0:21047:0:0:1,T,T[chr7:55923343[,627,PASS,SVTYPE=BND;HOMLEN=1;HOMSEQ=T;MATEID=sawfish:0:21047:0:0:0,GT:GQ:PL:AD,"0/1:660:660,0,999:93,20"
chr7,74273744,sawfish:0:21885:0:0:0,A,]chr7:78298985]A,329,PASS,SVTYPE=BND;HOMLEN=2;HOMSEQ=AA;MATEID=sawfish:0:21885:0:0:1;gene_name=PMS2P9,GT:GQ:PL:AD,"0/1:362:362,0,999:36,10"
chr7,76494982,sawfish:0:21937:0:0:0,G,G]chr7:78298879],216,PASS,SVTYPE=BND;MATEID=sawfish:0:21937:0:0:1;gene_name=SPDYE14,GT:GQ:PL:AD,"0/1:249:249,0,999:42,8"
chr7,76578900,sawfish:0:21938:0:0:0,T,T]chr7:78298989],235,PASS,SVTYPE=BND;HOMLEN=171;HOMSEQ=TCTTTCTTTCGAGACGGAGTCTTGCTCTGTCGCCCAGGCTAGAGTGCAGTGGCGCGATCTCGGCTCACTGCAACCTCTCCCTCCCGGGTTTTGGCAATTCTTCTGTCTCAGACTTCTGAGTAGCTGAGATTACAGGTGTGTGCCACCATGCCCAGCTAATATTTGTATTTT;MATEID=sawfish:0:21938:0:0:1,GT:GQ:PL:AD,"0/1:268:268,0,999:36,8"
chr7,78290652,sawfish:0:21988:0:0:0,G,]chr7:103654210]G,76,PASS,SVTYPE=BND;HOMLEN=14;HOMSEQ=GATTACAGGCATGA;MATEID=sawfish:0:21988:0:0:1;gene_name=DTX2P1-UPK3BP1-PMS2P11,GT:GQ:PL:AD,"0/1:109:109,0,999:73,7"
chr7,78298818,sawfish:0:21938:0:0:1,A,A]chr7:76579071],235,PASS,SVTYPE=BND;HOMLEN=171;HOMSEQ=AAAATACAAATATTAGCTGGGCATGGTGGCACACACCTGTAATCTCAGCTACTCAGAAGTCTGAGACAGAAGAATTGCCAAAACCCGGGAGGGAGAGGTTGCAGTGAGCCGAGATCGCGCCACTGCACTCTAGCCTGGGCGACAGAGCAAGACTCCGTCTCGAAAGAAAGA;MATEID=sawfish:0:21938:0:0:0;gene_name=DTX2P1-UPK3BP1-PMS2P11,GT:GQ:PL:AD,"0/1:268:268,0,999:36,8"
chr7,78298879,sawfish:0:21937:0:0:1,C,C]chr7:76494982],216,PASS,SVTYPE=BND;MATEID=sawfish:0:21937:0:0:0;gene_name=DTX2P1-UPK3BP1-PMS2P11,GT:GQ:PL:AD,"0/1:249:249,0,999:42,8"
chr7,78298985,sawfish:0:21885:0:0:1,A,A[chr7:74273744[,329,PASS,SVTYPE=BND;HOMLEN=2;HOMSEQ=AA;MATEID=sawfish:0:21885:0:0:0;gene_name=DTX2P1-UPK3BP1-PMS2P11,GT:GQ:PL:AD,"0/1:362:362,0,999:36,10"
chr7,95030327,sawfish:0:4732:0:0:1,T,T[chr2:36117881[,74,PASS,SVTYPE=BND;MATEID=sawfish:0:4732:0:0:0,GT:GQ:PL:AD,"0/1:107:107,0,999:105,9"
chr7,103654210,sawfish:0:21988:0:0:1,G,G[chr7:78290652[,76,PASS,SVTYPE=BND;HOMLEN=14;HOMSEQ=GATTACAGGCATGA;MATEID=sawfish:0:21988:0:0:0,GT:GQ:PL:AD,"0/1:109:109,0,999:73,7"
chr7,111233543,sawfish:0:22439:0:0:0,A,A]chr18:77032170],885,PASS,SVTYPE=BND;MATEID=sawfish:0:22439:0:0:1,GT:GQ:PL:AD,"0/1:918:918,0,999:101,26"
chr7,112911205,sawfish:0:22457:0:0:0,C,C]chrX:145924453],309,PASS,SVTYPE=BND;HOMLEN=3;HOMSEQ=TTT;MATEID=sawfish:0:22457:0:0:1,GT:GQ:PL:AD,"0/1:342:342,0,999:105,14"
chr7,113287605,sawfish:0:3498:0:0:1,T,T]chr1:217249998],999,PASS,SVTYPE=BND;HOMLEN=1;HOMSEQ=T;MATEID=sawfish:0:3498:0:0:0;gene_name=DOCK4,GT:GQ:PL:AD,"0/1:999:999,0,999:94,37"
chr7,145478085,sawfish:0:19218:0:0:1,C,[chr6:132892661[ACTGGGACATTTTGGACACCCTTGTCTGCTCTCTGCCTCTCTAACCTTAGAGGGTCCCTTGGAATCAACTAATATTTCAGGTCCTTTCTTCCCATTACTGTTGCCACACAAGGAACCCAGATTACATCAGGGAGAGGCTGAGCTCCAGAGGTTCACACCAGGGAGCTTATTCATTGTCACACTGTTCCTGCTTCCTGACAGGTTCACTTGAACCATCTGGAGATTGGGGAACAAGGGCAATGTGAGTATTCATGAAATTCAAATCATGCCAAGTATTCCGGGATGGGAATGGTTGTCTCAGAGGTGTGCTCTGTGGTTGACTGACCTTGAGCTTGCGTTTTCTTCCTTTTCTTTTTTTTTTTAAATTATACTTTAGGTTTTATGGTACATGTGCACATTGTGCAGGTTAGTTACATATGTATACATGTGCCATGCTGGTGCGCTGCACCCACTAACTCGTCATCTAGCATTAGGTATATCTCCCAACGCTATCCCTCCCCCCTCCCCCCACCCCAGAACAGTCCCCAGAGTGTGATATTCCCCTTCCTGTGCCCGTGTGATCTCATTGTTCAATTCCCACCTATGAGTGAGAATATGCGGTTTCTTAATATGTGTTTCTTAATTGTGCATCCTGCTGGGGTTGAGAACAGAAAATTGAAAAACACAATTGTTTTATCTCTCCTTCCCCGAGGAGTTGAACATGTAGGAAGTTTCATGGCCCAGCCCCTCCTGAGAGCCCTGAACTGCCAACCAGACTGAGCCCATCAGAGAATAACACCTCATTTTCTGAGGATTCTGATACCTTTTCAATCAGAAACAGAAGCAAAGATTCTGCAGCTCCCACAGAAACTCCCAGAAACCTTGCGGTGCTTCACCCTTCTGAGATCCTTGAGTCCGAATGTGGGAGCTAACCAGGTTGCCTTTCTTTACTTACCATGAATTCCTCCTAGACTCGTGGTGGCACCTAGGCTTTGGTTCACTCTCACTCTGTTACTAACACTTTTTATTAAGTAATGGGAAGGGAAGTAAATCATTTATTTTATGGCTAAACATATATGCTCATTATTCATATTATATATCAATGGTTCCAGGGGAAAAATAGATGCACATTTGATGTGCAAATTATGTAAAAGTGTTTAGGACTTGGCTATATATGTTTCTTTGGTGGAGAAATATCTATGTGATAGAGATTTCTTTGGGAAAGATGACACTCACAAAAAAAGCCAGAAATTTCTGTTTTATAGATTTTGATAAAATGTATGAAATAATTTTCGCAGCCAAAGGAAAGTATAGCACAGTATATTATGGAGAGATGTTACAGCTCAGGAAAATTAATACATGTCAGCTGTTTAATAAATTATGCATTTAATTATTGCCAGTACAGTCACAATACATGCTAATCTATGAGAATATATTTATTGCAATAGAATATAAACCCAAATGGATGCTAAATCTATGTCTTATCTTTCATTAAGCATGGCACTAAAGAGGGCATAAGGCACCTGCAATGTACTAGATAAATATGTATAAATATTAGATTTTCCATAGACTGGAGGATAAGTTTTTGTGGTGCACATGGAAAGAGTACAGAAAAAGAACTCAGGTGGTAGGTGGTGGTGTAAC,999,PASS,SVTYPE=BND;MATEID=sawfish:0:19218:0:0:0;INSLEN=1622,GT:GQ:PL:AD,"0/1:999:999,0,999:117,33"
chr7,160567426,sawfish:0:23334:0:0:0,T,T[chr19:61705517[,999,PASS,SVTYPE=BND;HOMLEN=2;HOMSEQ=TA;MATEID=sawfish:0:23334:0:0:1,GT:GQ:PL:AD,"1/1:93:999,93,0:0,31"
chr8,2020,sawfish:0:23335:0:0:0,C,]chr19:196812]C,150,PASS,SVTYPE=BND;HOMLEN=14;HOMSEQ=CCTAACCCTAACCC;MATEID=sawfish:0:23335:0:0:1,GT:GQ:PL:AD,"0/1:183:183,0,999:64,8"
chr8,69185476,sawfish:0:9134:0:0:1,T,T]chr3:82621378],195,PASS,SVTYPE=BND;MATEID=sawfish:0:9134:0:0:0;gene_name=C8orf34,GT:GQ:PL:AD,"0/1:228:228,0,999:49,8"
chr8,84099551,sawfish:0:24885:0:0:0,A,A[chr9:5496523[,999,PASS,SVTYPE=BND;MATEID=sawfish:0:24885:0:0:1,GT:GQ:PL:AD,"0/1:999:999,0,999:36,26"
chr8,109252203,sawfish:0:7667:0:0:1,G,G[chr2:219332459[,319,PASS,SVTYPE=BND;MATEID=sawfish:0:7667:0:0:0,GT:GQ:PL:AD,"0/1:352:352,0,999:86,13"
chr8,115901185,sawfish:0:12634:0:0:1,T,[chr4:62528612[T,373,PASS,SVTYPE=BND;MATEID=sawfish:0:12634:0:0:0,GT:GQ:PL:AD,"0/1:406:406,0,999:37,11"
chr8,129949845,sawfish:0:25362:0:0:0,T,[chr22:45707167[T,882,PASS,SVTYPE=BND;MATEID=sawfish:0:25362:0:0:1,GT:GQ:PL:AD,"0/1:915:915,0,999:102,26"
chr8,129952981,sawfish:0:25368:0:0:0,C,C]chr22:45707202],132,PASS,SVTYPE=BND;HOMLEN=1;HOMSEQ=A;MATEID=sawfish:0:25368:0:0:1,GT:GQ:PL:AD,"0/1:165:165,0,999:117,11"
chr8,135194779,sawfish:0:25431:0:0:0,T,T]chr17:67516791],351,PASS,SVTYPE=BND;MATEID=sawfish:0:25431:0:0:1,GT:GQ:PL:AD,"0/1:384:384,0,999:44,11"
chr8,146254006,sawfish:0:25727:0:0:0,C,C[chr18:80540303[,49,PASS,SVTYPE=BND;MATEID=sawfish:0:25727:0:0:1,GT:GQ:PL:AD,"0/1:82:82,0,182:4,2"
chr8,146254006,sawfish:0:25728:0:0:0,C,C]chrY:5066],404,PASS,SVTYPE=BND;MATEID=sawfish:0:25728:0:0:1,GT:GQ:PL:AD,"0/1:437:437,0,487:11,10"
chr9,1,sawfish:0:25735:0:0:0,C,[chr19:61704434[C,239,PASS,SVTYPE=BND;HOMLEN=8;HOMSEQ=CTAACCCT;MATEID=sawfish:0:25735:0:0:1,GT:GQ:PL:AD,"0/1:272:272,0,872:19,7"
chr9,1634,sawfish:0:20123:0:0:1,C,C]chr6:172126609],464,PASS,SVTYPE=BND;HOMLEN=51;HOMSEQ=CCCTAACCCTAACCCTAACCCTAACCCTAACCCTAACCCTAACCCTAACCC;MATEID=sawfish:0:20123:0:0:0,GT:GQ:PL:AD,"1/1:30:500,30,0:0,10"
chr9,3168,sawfish:0:14458:0:0:1,A,A[chr5:220[,264,PASS,SVTYPE=BND;HOMLEN=4;HOMSEQ=ACCC;MATEID=sawfish:0:14458:0:0:0,GT:GQ:PL:AD,"1/1:18:300,18,0:0,6"
chr9,5496523,sawfish:0:24885:0:0:1,A,]chr8:84099551]A,999,PASS,SVTYPE=BND;MATEID=sawfish:0:24885:0:0:0;gene_name=LOC124902114,GT:GQ:PL:AD,"0/1:999:999,0,999:36,26"
chr9,48563563,sawfish:0:15654:0:0:1,G,G]chr5:50026836],407,PASS,SVTYPE=BND;HOMLEN=12;HOMSEQ=CTTTGTGACATA;MATEID=sawfish:0:15654:0:0:0,GT:GQ:PL:AD,"0/1:440:440,0,999:88,15"
chr9,49689433,sawfish:0:27597:0:0:0,T,]chr9:51798970]T,627,PASS,SVTYPE=BND;HOMLEN=28;HOMSEQ=TTCCATTCCATTCCATTCCATTCCATTC;MATEID=sawfish:0:27597:0:0:1,GT:GQ:PL:AD,"0/1:660:660,0,660:15,15"
chr9,51343232,sawfish:0:27835:0:0:0,C,C[chr9:51398527[,35,PASS,SVTYPE=BND;HOMLEN=14;HOMSEQ=ATTCCATTCCATTC;MATEID=sawfish:0:27835:0:0:1,GT:GQ:PL:AD,"0/1:68:68,0,999:40,4"
chr9,51398527,sawfish:0:27835:0:0:1,A,]chr9:51343232]A,35,PASS,SVTYPE=BND;HOMLEN=14;HOMSEQ=ATTCCATTCCATTC;MATEID=sawfish:0:27835:0:0:0,GT:GQ:PL:AD,"0/1:68:68,0,999:40,4"
chr9,51798970,sawfish:0:27597:0:0:1,G,G[chr9:49689433[,627,PASS,SVTYPE=BND;HOMLEN=28;HOMSEQ=TTCCATTCCATTCCATTCCATTCCATTC;MATEID=sawfish:0:27597:0:0:0,GT:GQ:PL:AD,"0/1:660:660,0,660:15,15"
chr9,53018554,sawfish:0:28044:0:0:0,A,A]chr9:62554027],425,PASS,SVTYPE=BND;HOMLEN=41;HOMSEQ=TGGAATGGAATGGAATGGAATGGAATGGAATGGAATGGAAT;MATEID=sawfish:0:28044:0:0:1,GT:GQ:PL:AD,"0/1:158:458,0,158:4,10"
chr9,58702132,sawfish:0:28156:0:0:0,A,[chr9:75676575[A,426,PASS,SVTYPE=BND;HOMLEN=55;HOMSEQ=ATTCCATTCCATTCCATTCCATTCCATTCCATTCCATTCCATTCCATTCCGGATG;MATEID=sawfish:0:28156:0:0:1,GT:GQ:PL:AD,"0/1:459:459,0,999:35,12"
chr9,60218220,sawfish:0:28206:0:0:0,T,[chr9:72692370[T,75,PASS,SVTYPE=BND;HOMLEN=75;HOMSEQ=TGCAATGGAATGGAGAGGAATGGAATGGAATGGAATGGAAACTACCCGAATGGAATGGAATGTAATGGAGTGTAA;MATEID=sawfish:0:28206:0:0:1,GT:GQ:PL:AD,"0/1:108:108,0,508:11,3"
chr9,60487955,sawfish:0:28211:0:0:0,C,]chr9:64385797]C,445,PASS,SVTYPE=BND;HOMLEN=19;HOMSEQ=CCATTCCATTCCATTCCAT;MATEID=sawfish:0:28211:0:0:1,GT:GQ:PL:AD,"0/1:478:478,0,578:13,11"
chr9,62553986,sawfish:0:28044:0:0:1,C,C]chr9:53018595],425,PASS,SVTYPE=BND;HOMLEN=41;HOMSEQ=ATTCCATTCCATTCCATTCCATTCCATTCCATTCCATTCCA;MATEID=sawfish:0:28044:0:0:0,GT:GQ:PL:AD,"0/1:158:458,0,158:4,10"
chr9,63430256,sawfish:0:28341:0:0:0,G,G]chr9:63602844],178,PASS,SVTYPE=BND;HOMLEN=5;HOMSEQ=GAATG;MATEID=sawfish:0:28341:0:0:1,GT:GQ:PL:AD,"0/1:211:211,0,361:8,5"
chr9,63430256,sawfish:0:28342:0:0:0,G,G]chr9:74714421],480,PASS,SVTYPE=BND;HOMLEN=5;HOMSEQ=GAATG;MATEID=sawfish:0:28342:0:0:1,GT:GQ:PL:AD,"0/1:513:513,0,999:48,14"
chr9,63602839,sawfish:0:28341:0:0:1,C,C]chr9:63430261],178,PASS,SVTYPE=BND;HOMLEN=5;HOMSEQ=CATTC;MATEID=sawfish:0:28341:0:0:0,GT:GQ:PL:AD,"0/1:211:211,0,361:8,5"
chr9,63626890,sawfish:0:28391:0:0:0,T,[chr9:66367394[T,180,PASS,SVTYPE=BND;MATEID=sawfish:0:28391:0:0:1,GT:GQ:PL:AD,"0/1:213:213,0,999:23,6"
chr9,64385797,sawfish:0:28211:0:0:1,T,T[chr9:60487955[,445,PASS,SVTYPE=BND;HOMLEN=19;HOMSEQ=CCATTCCATTCCATTCCAT;MATEID=sawfish:0:28211:0:0:0,GT:GQ:PL:AD,"0/1:478:478,0,578:13,11"
chr9,64540622,sawfish:0:28817:0:0:0,T,T]chr9:64602142],251,PASS,SVTYPE=BND;MATEID=sawfish:0:28817:0:0:1,GT:GQ:PL:AD,"0/1:284:284,0,999:46,9"
chr9,64602142,sawfish:0:28817:0:0:1,T,T]chr9:64540622],251,PASS,SVTYPE=BND;MATEID=sawfish:0:28817:0:0:0,GT:GQ:PL:AD,"0/1:284:284,0,999:46,9"
chr9,66367394,sawfish:0:28391:0:0:1,G,[chr9:63626890[G,180,PASS,SVTYPE=BND;MATEID=sawfish:0:28391:0:0:0,GT:GQ:PL:AD,"0/1:213:213,0,999:23,6"
chr9,70854056,sawfish:0:29068:0:0:0,A,A]chr9:72700200],384,PASS,SVTYPE=BND;HOMLEN=43;HOMSEQ=AATGGAATGGAATGGAATGGAATGGAATGGAATGGAATGGAAT;MATEID=sawfish:0:29068:0:0:1,GT:GQ:PL:AD,"0/1:67:417,0,67:2,9"
chr9,70919828,sawfish:0:29070:0:0:0,A,A]chr9:72926990],163,PASS,SVTYPE=BND;HOMLEN=14;HOMSEQ=GAATGGAATGGAAT;MATEID=sawfish:0:29070:0:0:1,GT:GQ:PL:AD,"0/1:196:196,0,596:13,5"
chr9,70938290,sawfish:0:29072:0:0:0,G,G]chr9:72918054],30,PASS,SVTYPE=BND;HOMLEN=4;HOMSEQ=TTCC;MATEID=sawfish:0:29072:0:0:1,GT:GQ:PL:AD,"0/1:63:63,0,999:26,3"
chr9,71565757,sawfish:0:29157:0:0:0,A,A]chr9:71592655],62,PASS,SVTYPE=BND;HOMLEN=13;HOMSEQ=TTCCATTCCATTC;MATEID=sawfish:0:29157:0:0:1,GT:GQ:PL:AD,"0/1:95:95,0,999:62,6"
chr9,71572426,sawfish:0:29162:0:0:0,T,[chr9:71619384[T,107,PASS,SVTYPE=BND;HOMLEN=18;HOMSEQ=TCCGGAATGGAATGGAAT;MATEID=sawfish:0:29162:0:0:1,GT:GQ:PL:AD,"0/1:140:140,0,999:94,9"
chr9,71592642,sawfish:0:29157:0:0:1,G,G]chr9:71565770],62,PASS,SVTYPE=BND;HOMLEN=13;HOMSEQ=GAATGGAATGGAA;MATEID=sawfish:0:29157:0:0:0,GT:GQ:PL:AD,"0/1:95:95,0,999:62,6"
chr9,71619366,sawfish:0:29162:0:0:1,A,[chr9:71572444[A,107,PASS,SVTYPE=BND;HOMLEN=18;HOMSEQ=ATTCCATTCCATTCCGGA;MATEID=sawfish:0:29162:0:0:0,GT:GQ:PL:AD,"0/1:140:140,0,999:94,9"
chr9,72437657,sawfish:0:29439:0:0:0,G,[chr9:75368367[G,474,PASS,SVTYPE=BND;HOMLEN=40;HOMSEQ=GGAATGGAATGGAATGGAATGGAATGGAATGGAATGGAAT;MATEID=sawfish:0:29439:0:0:1,GT:GQ:PL:AD,"0/1:507:507,0,857:19,12"
chr9,72692295,sawfish:0:28206:0:0:1,T,[chr9:60218295[T,75,PASS,SVTYPE=BND;HOMLEN=75;HOMSEQ=TTACACTCCATTACATTCCATTCCATTCGGGTAGTTTCCATTCCATTCCATTCCATTCCTCTCCATTCCATTGCA;MATEID=sawfish:0:28206:0:0:0,GT:GQ:PL:AD,"0/1:108:108,0,508:11,3"
chr9,72700157,sawfish:0:29068:0:0:1,G,G]chr9:70854099],384,PASS,SVTYPE=BND;HOMLEN=43;HOMSEQ=ATTCCATTCCATTCCATTCCATTCCATTCCATTCCATTCCATT;MATEID=sawfish:0:29068:0:0:0,GT:GQ:PL:AD,"0/1:67:417,0,67:2,9"
chr9,72918050,sawfish:0:29072:0:0:1,T,T]chr9:70938294],30,PASS,SVTYPE=BND;HOMLEN=4;HOMSEQ=GGAA;MATEID=sawfish:0:29072:0:0:0,GT:GQ:PL:AD,"0/1:63:63,0,999:26,3"
chr9,72926976,sawfish:0:29070:0:0:1,C,C]chr9:70919842],163,PASS,SVTYPE=BND;HOMLEN=14;HOMSEQ=ATTCCATTCCATTC;MATEID=sawfish:0:29070:0:0:0,GT:GQ:PL:AD,"0/1:196:196,0,596:13,5"
chr9,73933083,sawfish:0:30016:0:0:0,A,[chr9:75271189[A,259,PASS,SVTYPE=BND;HOMLEN=25;HOMSEQ=ATTCCATTCCATTCCATTCCATTCC;MATEID=sawfish:0:30016:0:0:1,GT:GQ:PL:AD,"0/1:292:292,0,999:28,8"
chr9,74714416,sawfish:0:28342:0:0:1,C,C]chr9:63430261],480,PASS,SVTYPE=BND;HOMLEN=5;HOMSEQ=CATTC;MATEID=sawfish:0:28342:0:0:0,GT:GQ:PL:AD,"0/1:513:513,0,999:48,14"
chr9,75271164,sawfish:0:30016:0:0:1,G,[chr9:73933108[G,259,PASS,SVTYPE=BND;HOMLEN=25;HOMSEQ=GGAATGGAATGGAATGGAATGGAAT;MATEID=sawfish:0:30016:0:0:0,GT:GQ:PL:AD,"0/1:292:292,0,999:28,8"
chr9,75368327,sawfish:0:29439:0:0:1,A,[chr9:72437697[A,474,PASS,SVTYPE=BND;HOMLEN=40;HOMSEQ=ATTCCATTCCATTCCATTCCATTCCATTCCATTCCATTCC;MATEID=sawfish:0:29439:0:0:0,GT:GQ:PL:AD,"0/1:507:507,0,857:19,12"
chr9,75676520,sawfish:0:28156:0:0:1,C,[chr9:58702187[C,426,PASS,SVTYPE=BND;HOMLEN=55;HOMSEQ=CATCCGGAATGGAATGGAATGGAATGGAATGGAATGGAATGGAATGGAATGGAAT;MATEID=sawfish:0:28156:0:0:0,GT:GQ:PL:AD,"0/1:459:459,0,999:35,12"
chr9,89917460,sawfish:0:21061:0:0:1,A,]chr7:56309921]A,999,PASS,SVTYPE=BND;HOMLEN=1;HOMSEQ=A;MATEID=sawfish:0:21061:0:0:0;gene_name=GNAQ,GT:GQ:PL:AD,"0/1:999:999,0,999:79,31"
chr9,89920078,sawfish:0:21058:0:0:1,A,A[chr7:56309910[,192,PASS,SVTYPE=BND;MATEID=sawfish:0:21058:0:0:0;gene_name=GNAQ,GT:GQ:PL:AD,"0/1:225:225,0,999:97,11"
chr9,119432348,sawfish:0:31534:0:0:0,A,[chr19:47272744[A,999,PASS,SVTYPE=BND;HOMLEN=1;HOMSEQ=A;MATEID=sawfish:0:31534:0:0:1,GT:GQ:PL:AD,"1/1:144:999,144,0:0,48"
chr9,123814007,sawfish:0:10245:0:0:1,A,A[chr3:150645271[,344,PASS,SVTYPE=BND;HOMLEN=2;HOMSEQ=AA;MATEID=sawfish:0:10245:0:0:0;gene_name=DNAJC25-GNG10,GT:GQ:PL:AD,"0/1:377:377,0,999:62,12"
chr9,130828319,sawfish:0:31709:0:0:0,T,T]chr13:18826809],133,PASS,SVTYPE=BND;HOMLEN=4;HOMSEQ=GGGG;MATEID=sawfish:0:31709:0:0:1,GT:GQ:PL:AD,"0/1:166:166,0,999:101,10"
chr9,136174613,sawfish:0:31767:0:0:0,A,A]chr9:136191326],999,PASS,SVTYPE=BND;HOMLEN=3;HOMSEQ=GGG;MATEID=sawfish:0:31767:0:0:1,GT:GQ:PL:AD,"0/1:471:999,0,471:14,62"
chr9,136191323,sawfish:0:31767:0:0:1,T,T]chr9:136174616],999,PASS,SVTYPE=BND;HOMLEN=3;HOMSEQ=CCC;MATEID=sawfish:0:31767:0:0:0,GT:GQ:PL:AD,"0/1:471:999,0,471:14,62"
chr9,145235342,sawfish:0:20641:0:0:1,A,[chr7:22646189[A,999,PASS,SVTYPE=BND;MATEID=sawfish:0:20641:0:0:0,GT:GQ:PL:AD,"0/1:999:999,0,999:67,44"
chr10,2326,sawfish:0:4043:0:0:1,C,C]chr1:248387320],384,PASS,SVTYPE=BND;HOMLEN=3;HOMSEQ=CCC;MATEID=sawfish:0:4043:0:0:0,GT:GQ:PL:AD,"0/1:67:417,0,67:2,9"
chr10,952172,sawfish:0:32197:0:0:0,A,A]chr19:45062733],967,PASS,SVTYPE=BND;HOMLEN=1;HOMSEQ=T;MATEID=sawfish:0:32197:0:0:1;gene_name=LARP4B,GT:GQ:PL:AD,"0/1:999:999,0,999:58,25"
chr10,983300,sawfish:0:2196:0:0:1,T,[chr1:128421372[T,999,PASS,SVTYPE=BND;HOMLEN=1;HOMSEQ=T;MATEID=sawfish:0:2196:0:0:0;gene_name=LARP4B,GT:GQ:PL:AD,"0/1:999:999,0,999:56,43"
chr10,9494415,sawfish:0:19238:0:0:1,A,A]chr6:134215679],260,PASS,SVTYPE=BND;MATEID=sawfish:0:19238:0:0:0;gene_name=LINC02663,GT:GQ:PL:AD,"0/1:293:293,0,999:43,9"
chr10,13909162,sawfish:0:20373:0:0:1,G,G]chr7:3835887],24,PASS,SVTYPE=BND;MATEID=sawfish:0:20373:0:0:0;gene_name=FRMD4A,GT:GQ:PL:AD,"0/1:57:57,0,999:106,8"
chr10,13909738,sawfish:0:20370:0:0:1,A,[chr7:3833280[A,118,PASS,SVTYPE=BND;HOMLEN=1;HOMSEQ=A;MATEID=sawfish:0:20370:0:0:0;gene_name=FRMD4A,GT:GQ:PL:AD,"0/1:151:151,0,999:106,10"
chr10,18946761,sawfish:0:32622:0:0:0,A,[chr14:80129249[A,886,PASS,SVTYPE=BND;HOMLEN=2;HOMSEQ=AA;MATEID=sawfish:0:32622:0:0:1,GT:GQ:PL:AD,"0/1:919:919,0,999:85,25"
chr10,26734913,sawfish:0:32708:0:0:0,G,[chr10:26735602[G,62,PASS,SVTYPE=BND;HOMLEN=1;HOMSEQ=G;MATEID=sawfish:0:32708:0:0:1;gene_name=PDSS1,GT:GQ:PL:AD,"0/1:95:95,0,999:62,6"
chr10,26735601,sawfish:0:32708:0:0:1,C,[chr10:26734914[C,62,PASS,SVTYPE=BND;HOMLEN=1;HOMSEQ=C;MATEID=sawfish:0:32708:0:0:0;gene_name=PDSS1,GT:GQ:PL:AD,"0/1:95:95,0,999:62,6"
chr10,26923726,sawfish:0:32714:0:0:0,C,C[chr12:55300093[,360,PASS,SVTYPE=BND;HOMLEN=21;HOMSEQ=CTTGAGATTCTGTTAATCTAT;MATEID=sawfish:0:32714:0:0:1,GT:GQ:PL:AD,"0/1:393:393,0,999:88,14"
chr10,35963099,sawfish:0:32847:0:0:0,G,G]chr10:37671091],999,PASS,SVTYPE=BND;HOMLEN=8;HOMSEQ=GTGGGGAG;MATEID=sawfish:0:32847:0:0:1,GT:GQ:PL:AD,"0/1:999:999,0,999:92,69"
chr10,37671083,sawfish:0:32847:0:0:1,T,T]chr10:35963107],999,PASS,SVTYPE=BND;HOMLEN=8;HOMSEQ=CTCCCCAC;MATEID=sawfish:0:32847:0:0:0;gene_name=LOC102724533,GT:GQ:PL:AD,"0/1:999:999,0,999:92,69"
chr10,39262064,sawfish:0:1785:0:0:1,C,C[chr1:126724162[,46,PASS,SVTYPE=BND;MATEID=sawfish:0:1785:0:0:0,GT:GQ:PL:AD,"0/1:79:79,0,999:130,10"
chr10,42061042,sawfish:0:9659:0:0:1,T,T[chr3:96413025[,260,PASS,SVTYPE=BND;HOMLEN=7;HOMSEQ=ATGAAGA;MATEID=sawfish:0:9659:0:0:0,GT:GQ:PL:AD,"0/1:293:293,0,999:90,12"
chr10,42175711,sawfish:0:2074:0:0:1,A,A]chr1:127711047],999,PASS,SVTYPE=BND;HOMLEN=1;HOMSEQ=A;MATEID=sawfish:0:2074:0:0:0,GT:GQ:PL:AD,"0/1:999:999,0,999:37,36"
chr10,42368214,sawfish:0:2011:0:0:1,A,A[chr1:127575807[,91,PASS,SVTYPE=BND;HOMLEN=9;HOMSEQ=GAATGGAAT;MATEID=sawfish:0:2011:0:0:0,GT:GQ:PL:AD,"0/1:124:124,0,999:68,7"
chr10,42394298,sawfish:0:2076:0:0:1,C,C[chr1:127710193[,568,PASS,SVTYPE=BND;HOMLEN=2;HOMSEQ=TT;MATEID=sawfish:0:2076:0:0:0,GT:GQ:PL:AD,"0/1:601:601,0,999:50,16"
chr10,44301631,sawfish:0:10129:0:0:1,C,]chr3:140867134]C,207,PASS,SVTYPE=BND;MATEID=sawfish:0:10129:0:0:0,GT:GQ:PL:AD,"0/1:240:240,0,999:92,11"
chr10,44304335,sawfish:0:10127:0:0:1,A,A[chr3:140867115[,395,PASS,SVTYPE=BND;MATEID=sawfish:0:10127:0:0:0,GT:GQ:PL:AD,"0/1:428:428,0,999:92,15"
chr10,77690662,sawfish:0:3431:0:0:1,T,T[chr1:212155956[,999,PASS,SVTYPE=BND;MATEID=sawfish:0:3431:0:0:0,GT:GQ:PL:AD,"0/1:999:999,0,999:131,32"
chr10,81499682,sawfish:0:34133:0:0:0,A,A[chr22:24300932[,919,PASS,SVTYPE=BND;MATEID=sawfish:0:34133:0:0:1;gene_name=SH2D4B,GT:GQ:PL:AD,"0/1:952:952,0,999:74,25"
chr10,100724412,sawfish:0:34333:0:0:0,C,C[chr14:99355096[,735,PASS,SVTYPE=BND;HOMLEN=3;HOMSEQ=TAT;MATEID=sawfish:0:34333:0:0:1;gene_name=ABCC2,GT:GQ:PL:AD,"0/1:768:768,0,999:104,23"
chr10,100975833,sawfish:0:11080:0:0:1,T,[chr4:146293[T,686,PASS,SVTYPE=BND;HOMLEN=2;HOMSEQ=TA;MATEID=sawfish:0:11080:0:0:0,GT:GQ:PL:AD,"0/1:719:719,0,999:89,21"
chr10,101163118,sawfish:0:1573:0:0:1,A,A[chr1:111368225[,999,PASS,SVTYPE=BND;MATEID=sawfish:0:1573:0:0:0;gene_name=BLOC1S2,GT:GQ:PL:AD,"0/1:999:999,0,999:70,40"
chr11,20668215,sawfish:0:20715:0:0:1,T,[chr7:29929420[T,986,PASS,SVTYPE=BND;HOMLEN=3;HOMSEQ=TCC;MATEID=sawfish:0:20715:0:0:0,GT:GQ:PL:AD,"0/1:999:999,0,999:83,27"
chr11,56041616,sawfish:0:1370:0:0:1,A,[chr1:93636349[A,225,PASS,SVTYPE=BND;MATEID=sawfish:0:1370:0:0:0,GT:GQ:PL:AD,"0/1:258:258,0,999:86,11"
chr11,58349113,sawfish:0:13877:0:0:1,A,A[chr4:168582739[,150,PASS,SVTYPE=BND;HOMLEN=1;HOMSEQ=T;MATEID=sawfish:0:13877:0:0:0,GT:GQ:PL:AD,"0/1:183:183,0,999:111,11"
chr11,96015314,sawfish:0:9169:0:0:1,C,C[chr3:84703564[,773,PASS,SVTYPE=BND;HOMLEN=120;HOMSEQ=TGGGAGATATACCTAATGCTAGATGACGAGTTAGTGGGTGCAGCGCACCAGCATGGCACATGTATACATATGTAACTAACCTGCACAATGTGCACATGTACCCTAAAACTTAAAGTATAA;MATEID=sawfish:0:9169:0:0:0;gene_name=MAML2,GT:GQ:PL:AD,"0/1:806:806,0,999:107,24"
chr11,104689624,sawfish:0:18722:0:0:1,T,[chr6:84561770[T,999,PASS,SVTYPE=BND;HOMLEN=4;HOMSEQ=TCAG;MATEID=sawfish:0:18722:0:0:0;gene_name=LOC105369466,GT:GQ:PL:AD,"0/1:999:999,0,999:55,54"
chr11,104689624,sawfish:0:37153:0:0:0,T,[chr17:9528303[T,999,PASS,SVTYPE=BND;HOMLEN=4;HOMSEQ=TCAG;MATEID=sawfish:0:37153:0:0:1;gene_name=LOC105369466,GT:GQ:PL:AD,"0/1:999:999,0,999:52,54"
chr11,104689625,sawfish:0:37155:0:0:0,C,C]chr17:9529766],999,PASS,SVTYPE=BND;MATEID=sawfish:0:37155:0:0:1;gene_name=LOC105369466,GT:GQ:PL:AD,"0/1:999:999,0,999:57,59"
chr12,5936040,sawfish:0:37733:0:0:0,A,[chr12:5939025[A,426,PASS,SVTYPE=BND;MATEID=sawfish:0:37733:0:0:1;gene_name=ANO2,GT:GQ:PL:AD,"0/1:459:459,0,999:35,12"
chr12,5939025,sawfish:0:37733:0:0:1,G,[chr12:5936040[G,426,PASS,SVTYPE=BND;MATEID=sawfish:0:37733:0:0:0;gene_name=ANO2,GT:GQ:PL:AD,"0/1:459:459,0,999:35,12"
chr12,14047377,sawfish:0:37889:0:0:0,A,A]chr22:27234748],669,PASS,SVTYPE=BND;MATEID=sawfish:0:37889:0:0:1,GT:GQ:PL:AD,"0/1:702:702,0,999:79,20"
chr12,14584628,sawfish:0:3430:0:0:1,A,[chr1:212155943[A,999,PASS,SVTYPE=BND;HOMLEN=25;HOMSEQ=AGGTAATTTGCTGAGCTTGATGGGT;MATEID=sawfish:0:3430:0:0:0;gene_name=C12orf60,GT:GQ:PL:AD,"0/1:999:999,0,999:96,29"
chr12,25495481,sawfish:0:38012:0:0:0,A,[chrX:145918372[A,690,PASS,SVTYPE=BND;MATEID=sawfish:0:38012:0:0:1;gene_name=LMNTD1,GT:GQ:PL:AD,"0/1:723:723,0,999:72,20"
chr12,25495495,sawfish:0:38015:0:0:0,C,C]chrX:145924445],460,PASS,SVTYPE=BND;HOMLEN=2;HOMSEQ=TT;MATEID=sawfish:0:38015:0:0:1;gene_name=LMNTD1,GT:GQ:PL:AD,"0/1:493:493,0,999:86,16"
chr12,33003414,sawfish:0:38143:0:0:0,A,[chr15:98148250[A,903,PASS,SVTYPE=BND;MATEID=sawfish:0:38143:0:0:1,GT:GQ:PL:AD,"0/1:936:936,0,999:48,23"
chr12,33003434,sawfish:0:38146:0:0:0,C,C]chr15:98149659],21,PASS,SVTYPE=BND;MATEID=sawfish:0:38146:0:0:1,GT:GQ:PL:AD,"0/1:54:54,0,999:60,5"
chr12,38591162,sawfish:0:17607:0:0:1,T,T[chr6:13755883[,642,PASS,SVTYPE=BND;HOMLEN=10;HOMSEQ=GGGATATAAA;MATEID=sawfish:0:17607:0:0:0,GT:GQ:PL:AD,"0/1:675:675,0,999:88,20"
chr12,48293027,sawfish:0:6479:0:0:1,T,[chr2:113820558[T,999,PASS,SVTYPE=BND;MATEID=sawfish:0:6479:0:0:0,GT:GQ:PL:AD,"0/1:999:999,0,999:34,32"
chr12,51417087,sawfish:0:1569:0:0:1,A,]chr1:111274767]A,999,PASS,SVTYPE=BND;HOMLEN=2;HOMSEQ=AG;MATEID=sawfish:0:1569:0:0:0;gene_name=SLC4A8,GT:GQ:PL:AD,"0/1:999:999,0,999:63,49"
chr12,55300093,sawfish:0:32714:0:0:1,C,]chr10:26923726]C,360,PASS,SVTYPE=BND;HOMLEN=21;HOMSEQ=CTTGAGATTCTGTTAATCTAT;MATEID=sawfish:0:32714:0:0:0,GT:GQ:PL:AD,"0/1:393:393,0,999:88,14"
chr12,92657748,sawfish:0:12746:0:0:1,C,]chr4:69700204]C,999,PASS,SVTYPE=BND;HOMLEN=4;HOMSEQ=CCAG;MATEID=sawfish:0:12746:0:0:0,GT:GQ:PL:AD,"0/1:999:999,0,999:59,42"
chr12,94337103,sawfish:0:18446:0:0:1,C,C]chr6:67489315],999,PASS,SVTYPE=BND;MATEID=sawfish:0:18446:0:0:0;gene_name=CEP83,GT:GQ:PL:AD,"0/1:999:999,0,999:57,44"
chr12,101445270,sawfish:0:39437:0:0:0,G,[chr17:28151915[G,794,PASS,SVTYPE=BND;HOMLEN=1;HOMSEQ=G;MATEID=sawfish:0:39437:0:0:1;gene_name=SPIC,GT:GQ:PL:AD,"0/1:827:827,0,999:53,21"
chr12,103950493,sawfish:0:39467:0:0:0,A,A]chr12:125324823],677,PASS,SVTYPE=BND;MATEID=sawfish:0:39467:0:0:1;gene_name=TDG,GT:GQ:PL:AD,"0/1:710:710,0,999:92,21"
chr12,121990249,sawfish:0:39713:0:0:0,C,C[chr14:16835032[,111,PASS,SVTYPE=BND;HOMLEN=2;HOMSEQ=CA;MATEID=sawfish:0:39713:0:0:1;gene_name=CFAP251,GT:GQ:PL:AD,"0/1:144:144,0,999:77,8"
chr12,125324823,sawfish:0:39467:0:0:1,T,T]chr12:103950493],677,PASS,SVTYPE=BND;MATEID=sawfish:0:39467:0:0:0;gene_name=TMEM132B,GT:GQ:PL:AD,"0/1:710:710,0,999:92,21"
chr12,133324137,sawfish:0:40124:0:0:0,G,G[chr21:45087422[,807,PASS,SVTYPE=BND;HOMLEN=2;HOMSEQ=GG;MATEID=sawfish:0:40124:0:0:1,GT:GQ:PL:AD,"0/1:40:840,0,40:2,18"
chr12,133324539,sawfish:0:40123:0:0:0,T,T[chr19:61705517[,999,PASS,SVTYPE=BND;HOMLEN=1;HOMSEQ=T;MATEID=sawfish:0:40123:0:0:1,GT:GQ:PL:AD,"1/1:84:999,84,0:0,28"
chr13,10291947,sawfish:0:11927:0:0:1,T,]chr4:49070907]T,999,PASS,SVTYPE=BND;HOMLEN=2;HOMSEQ=TT;MATEID=sawfish:0:11927:0:0:0,GT:GQ:PL:AD,"0/1:999:999,0,999:36,31"
chr13,10335761,sawfish:0:40496:0:0:0,T,[chr21:7349991[T,999,PASS,SVTYPE=BND;HOMLEN=5;HOMSEQ=TTCCA;MATEID=sawfish:0:40496:0:0:1,GT:GQ:PL:AD,"0/1:606:999,0,606:15,33"
chr13,13819352,sawfish:0:40686:0:0:0,C,C]chr21:7883537],364,PASS,SVTYPE=BND;HOMLEN=2;HOMSEQ=TC;MATEID=sawfish:0:40686:0:0:1,GT:GQ:PL:AD,"1/1:24:400,24,0:0,8"
chr13,18826805,sawfish:0:31709:0:0:1,C,C]chr9:130828323],133,PASS,SVTYPE=BND;HOMLEN=4;HOMSEQ=CCCC;MATEID=sawfish:0:31709:0:0:0,GT:GQ:PL:AD,"0/1:166:166,0,999:101,10"
chr13,39272891,sawfish:0:16487:0:0:1,T,]chr5:115934080]T,641,PASS,SVTYPE=BND;MATEID=sawfish:0:16487:0:0:0,GT:GQ:PL:AD,"0/1:674:674,0,999:104,21"
chr13,42714486,sawfish:0:41065:0:0:0,T,T]chr15:39385498],86,PASS,SVTYPE=BND;MATEID=sawfish:0:41065:0:0:1;gene_name=ENOX1,GT:GQ:PL:AD,"0/1:119:119,0,999:101,9"
chr13,48598358,sawfish:0:17903:0:0:1,A,[chr6:31706332[A,666,PASS,SVTYPE=BND;HOMLEN=3;HOMSEQ=AAA;MATEID=sawfish:0:17903:0:0:0;gene_name=CAB39L,GT:GQ:PL:AD,"0/1:699:699,0,999:80,20"
chr13,50376221,sawfish:0:19160:0:0:1,C,C]chr6:126578690],58,PASS,SVTYPE=BND;MATEID=sawfish:0:19160:0:0:0;gene_name=C13orf42,GT:GQ:PL:AD,"0/1:91:91,0,999:79,7"
chr13,83146633,sawfish:0:14590:0:0:1,A,A]chr5:699802],428,PASS,SVTYPE=BND;MATEID=sawfish:0:14590:0:0:0,GT:GQ:PL:AD,"0/1:461:461,0,999:81,15"
chr13,83950854,sawfish:0:41573:0:0:0,T,T]chr13:83952360],999,PASS,SVTYPE=BND;HOMLEN=5;HOMSEQ=ATATA;MATEID=sawfish:0:41573:0:0:1,GT:GQ:PL:AD,"1/1:116:999,116,0:1,54"
chr13,83952355,sawfish:0:41573:0:0:1,A,A]chr13:83950859],999,PASS,SVTYPE=BND;HOMLEN=5;HOMSEQ=TATAT;MATEID=sawfish:0:41573:0:0:0,GT:GQ:PL:AD,"1/1:116:999,116,0:1,54"
chr13,113564171,sawfish:0:42225:0:0:0,G,]chr14:101161335]G,431,PASS,SVTYPE=BND;HOMLEN=2;HOMSEQ=GG;MATEID=sawfish:0:42225:0:0:1,GT:GQ:PL:AD,"0/1:64:464,0,64:2,10"
chr13,113566205,sawfish:0:42226:0:0:0,T,T[chr15:99751424[,514,PASS,SVTYPE=BND;HOMLEN=1;HOMSEQ=T;MATEID=sawfish:0:42226:0:0:1,GT:GQ:PL:AD,"1/1:33:550,33,0:0,11"
chr14,755608,sawfish:0:42258:0:0:0,T,[chr22:8435446[T,437,PASS,SVTYPE=BND;HOMLEN=113;HOMSEQ=TTCCACTCCACTCCATTCCATTTACTCCACTCAGTTCGACTCCACTCCATTCCACTGCATTGCTTTCCAATCCATTCCATTCCACTCCACACCATTCCACTCCCTTACTTTCC;MATEID=sawfish:0:42258:0:0:1,GT:GQ:PL:AD,"0/1:470:470,0,999:78,15"
chr14,2109233,sawfish:0:42422:0:0:0,G,]chr15:4706907]G,498,PASS,SVTYPE=BND;HOMLEN=1;HOMSEQ=G;MATEID=sawfish:0:42422:0:0:1;gene_name=RNA45S2,GT:GQ:PL:AD,"0/1:531:531,0,999:42,14"
chr14,3223714,sawfish:0:42455:0:0:0,A,ATT]chr15:5127631],66,PASS,SVTYPE=BND;MATEID=sawfish:0:42455:0:0:1;INSLEN=2,GT:GQ:PL:AD,"0/1:99:99,0,999:45,5"
chr14,4245538,sawfish:0:42564:0:0:0,A,A[chr22:9529990[,999,PASS,SVTYPE=BND;HOMLEN=1;HOMSEQ=T;MATEID=sawfish:0:42564:0:0:1,GT:GQ:PL:AD,"0/1:999:999,0,999:72,29"
chr14,4251540,sawfish:0:42572:0:0:0,T,T[chr22:9539885[,999,PASS,SVTYPE=BND;MATEID=sawfish:0:42572:0:0:1,GT:GQ:PL:AD,"0/1:999:999,0,999:68,31"
chr14,4253761,sawfish:0:42575:0:0:0,C,]chr22:9537246]C,999,PASS,SVTYPE=BND;HOMLEN=2;HOMSEQ=CC;MATEID=sawfish:0:42575:0:0:1,GT:GQ:PL:AD,"0/1:999:999,0,999:68,49"
chr14,4288883,sawfish:0:42587:0:0:0,A,A]chr22:6073317],287,PASS,SVTYPE=BND;HOMLEN=2;HOMSEQ=GT;MATEID=sawfish:0:42587:0:0:1,GT:GQ:PL:AD,"0/1:320:320,0,999:159,17"
chr14,4693164,sawfish:0:42668:0:0:0,C,C]chr21:6475979],339,PASS,SVTYPE=BND;MATEID=sawfish:0:42668:0:0:1,GT:GQ:PL:AD,"0/1:372:372,0,999:48,11"
chr14,4693200,sawfish:0:42667:0:0:0,T,T]chr21:6474151],173,PASS,SVTYPE=BND;HOMLEN=11;HOMSEQ=TCCTTTCCATT;MATEID=sawfish:0:42667:0:0:1,GT:GQ:PL:AD,"0/1:206:206,0,999:72,9"
chr14,5045023,sawfish:0:2153:0:0:1,C,]chr1:128171782]C,429,PASS,SVTYPE=BND;HOMLEN=36;HOMSEQ=CTTGTGACATATCTCTGCACTGATCACCCAGGTGAT;MATEID=sawfish:0:2153:0:0:0,GT:GQ:PL:AD,"0/1:462:462,0,999:34,12"
chr14,5046696,sawfish:0:2143:0:0:1,G,G[chr1:128167796[,56,PASS,SVTYPE=BND;MATEID=sawfish:0:2143:0:0:0,GT:GQ:PL:AD,"0/1:89:89,0,999:64,6"
chr14,14704779,sawfish:0:43126:0:0:0,A,A]chr17:19987046],193,PASS,SVTYPE=BND;MATEID=sawfish:0:43126:0:0:1;gene_name=RNASE10,GT:GQ:PL:AD,"0/1:226:226,0,999:81,10"
chr14,16834012,sawfish:0:1242:0:0:1,C,[chr1:81315621[C,353,PASS,SVTYPE=BND;MATEID=sawfish:0:1242:0:0:0;gene_name=OR6J1,GT:GQ:PL:AD,"0/1:386:386,0,999:59,12"
chr14,16835032,sawfish:0:39713:0:0:1,C,]chr12:121990249]C,111,PASS,SVTYPE=BND;HOMLEN=2;HOMSEQ=CA;MATEID=sawfish:0:39713:0:0:0;gene_name=OR6J1,GT:GQ:PL:AD,"0/1:144:144,0,999:77,8"
chr14,16837266,sawfish:0:43165:0:0:0,G,]chr17:67139739]G,87,PASS,SVTYPE=BND;HOMLEN=1;HOMSEQ=G;MATEID=sawfish:0:43165:0:0:1;gene_name=OR6J1,GT:GQ:PL:AD,"0/1:120:120,0,999:85,8"
chr14,18685015,sawfish:0:43197:0:0:0,T,]chr18:15256441]T,462,PASS,SVTYPE=BND;HOMLEN=2;HOMSEQ=TT;MATEID=sawfish:0:43197:0:0:1;gene_name=LOC101927045,GT:GQ:PL:AD,"0/1:495:495,0,999:101,17"
chr14,28900370,sawfish:0:43340:0:0:0,T,]chr14:99355112]T,290,PASS,SVTYPE=BND;MATEID=sawfish:0:43340:0:0:1,GT:GQ:PL:AD,"0/1:323:323,0,999:80,12"
chr14,29563157,sawfish:0:18540:0:0:1,A,[chr6:72445845[A,999,PASS,SVTYPE=BND;HOMLEN=5;HOMSEQ=AAAAA;MATEID=sawfish:0:18540:0:0:0,GT:GQ:PL:AD,"0/1:999:999,0,999:90,29"
chr14,29563173,sawfish:0:18543:0:0:1,G,G]chr6:72447911],262,PASS,SVTYPE=BND;HOMLEN=2;HOMSEQ=CT;MATEID=sawfish:0:18543:0:0:0,GT:GQ:PL:AD,"0/1:295:295,0,999:105,13"
chr14,33252703,sawfish:0:43420:0:0:0,T,T[chrX:66758442[,127,PASS,SVTYPE=BND;HOMLEN=1;HOMSEQ=A;MATEID=sawfish:0:43420:0:0:1;gene_name=SEC23A,GT:GQ:PL:AD,"0/1:160:160,0,999:56,7"
chr14,80129247,sawfish:0:32622:0:0:1,T,[chr10:18946763[T,886,PASS,SVTYPE=BND;HOMLEN=2;HOMSEQ=TT;MATEID=sawfish:0:32622:0:0:0,GT:GQ:PL:AD,"0/1:919:919,0,999:85,25"
chr14,87338206,sawfish:0:44003:0:0:0,A,]chrX:66761292]A,726,PASS,SVTYPE=BND;MATEID=sawfish:0:44003:0:0:1;gene_name=ITPK1,GT:GQ:PL:AD,"0/1:759:759,0,999:60,20"
chr14,87478046,sawfish:0:350:0:0:1,A,[chr1:8595288[A,999,PASS,SVTYPE=BND;HOMLEN=4;HOMSEQ=AGGG;MATEID=sawfish:0:350:0:0:0;gene_name=BTBD7,GT:GQ:PL:AD,"0/1:999:999,0,999:56,49"
chr14,92550473,sawfish:0:14744:0:0:1,T,T[chr5:2264649[,242,PASS,SVTYPE=BND;MATEID=sawfish:0:14744:0:0:0,GT:GQ:PL:AD,"0/1:275:275,0,999:96,12"
chr14,99355096,sawfish:0:34333:0:0:1,T,]chr10:100724412]T,735,PASS,SVTYPE=BND;HOMLEN=3;HOMSEQ=TAT;MATEID=sawfish:0:34333:0:0:0,GT:GQ:PL:AD,"0/1:768:768,0,999:104,23"
chr14,99355112,sawfish:0:43340:0:0:1,T,T[chr14:28900370[,290,PASS,SVTYPE=BND;MATEID=sawfish:0:43340:0:0:0,GT:GQ:PL:AD,"0/1:323:323,0,999:80,12"
chr14,101161335,sawfish:0:42225:0:0:1,G,G[chr13:113564171[,431,PASS,SVTYPE=BND;HOMLEN=2;HOMSEQ=GG;MATEID=sawfish:0:42225:0:0:0,GT:GQ:PL:AD,"0/1:64:464,0,64:2,10"
chr14,101161414,sawfish:0:44301:0:0:0,G,G[chr21:45087391[,407,PASS,SVTYPE=BND;HOMLEN=2;HOMSEQ=GG;MATEID=sawfish:0:44301:0:0:1,GT:GQ:PL:AD,"0/1:440:440,0,440:10,10"
chr15,4706907,sawfish:0:42422:0:0:1,G,G[chr14:2109233[,498,PASS,SVTYPE=BND;HOMLEN=1;HOMSEQ=G;MATEID=sawfish:0:42422:0:0:0,GT:GQ:PL:AD,"0/1:531:531,0,999:42,14"
chr15,5127631,sawfish:0:42455:0:0:1,C,CAA]chr14:3223714],66,PASS,SVTYPE=BND;MATEID=sawfish:0:42455:0:0:0;INSLEN=2,GT:GQ:PL:AD,"0/1:99:99,0,999:45,5"
chr15,5976724,sawfish:0:44959:0:0:0,A,A[chr22:7101880[,999,PASS,SVTYPE=BND;HOMLEN=41;HOMSEQ=ATTCCATTCCATGCCATTCCATTCCATTCCATTCCATTCCA;MATEID=sawfish:0:44959:0:0:1,GT:GQ:PL:AD,"0/1:999:999,0,999:38,29"
chr15,20807870,sawfish:0:45494:0:0:0,C,[chr15:21018268[C,507,PASS,SVTYPE=BND;HOMLEN=194;HOMSEQ=CTGGCTTCCGGGGTACTCAAGCAGCTGGCCTCTGGGGTAGCAGCCCCAGGTATGAGAGGCAGGACTCAGAATCTAGGCCAAGCCTCCATAGGAATCCCCTCTGGAGAGCCCGGGCACTCTGCAGGAGGGGCAGCAGGCAGCAGGTGCACCAGGAGCATGTTTCACAAGGTGCCCAATATCGCATCTGCTCAGAT;MATEID=sawfish:0:45494:0:0:1;gene_name=LOC101060118,GT:GQ:PL:AD,"0/1:540:540,0,999:39,14"
chr15,21018074,sawfish:0:45494:0:0:1,A,[chr15:20808064[A,507,PASS,SVTYPE=BND;HOMLEN=194;HOMSEQ=ATCTGAGCAGATGCGATATTGGGCACCTTGTGAAACATGCTCCTGGTGCACCTGCTGCCTGCTGCCCCTCCTGCAGAGTGCCCGGGCTCTCCAGAGGGGATTCCTATGGAGGCTTGGCCTAGATTCTGAGTCCTGCCTCTCATACCTGGGGCTGCTACCCCAGAGGCCAGCTGCTTGAGTACCCCGGAAGCCAG;MATEID=sawfish:0:45494:0:0:0,GT:GQ:PL:AD,"0/1:540:540,0,999:39,14"
chr15,39385498,sawfish:0:41065:0:0:1,A,A]chr13:42714486],86,PASS,SVTYPE=BND;MATEID=sawfish:0:41065:0:0:0;gene_name=TYRO3,GT:GQ:PL:AD,"0/1:119:119,0,999:101,9"
chr15,48704307,sawfish:0:1664:0:0:1,A,]chr1:118871778]A,999,PASS,SVTYPE=BND;MATEID=sawfish:0:1664:0:0:0,GT:GQ:PL:AD,"0/1:999:999,0,999:80,30"
chr15,98148250,sawfish:0:38143:0:0:1,T,[chr12:33003414[T,903,PASS,SVTYPE=BND;MATEID=sawfish:0:38143:0:0:0;gene_name=CERS3-AS1,GT:GQ:PL:AD,"0/1:936:936,0,999:48,23"
chr15,98149659,sawfish:0:38146:0:0:1,A,A]chr12:33003434],21,PASS,SVTYPE=BND;MATEID=sawfish:0:38146:0:0:0;gene_name=CERS3-AS1,GT:GQ:PL:AD,"0/1:54:54,0,999:60,5"
chr15,99750354,sawfish:0:11045:0:0:1,G,]chr3:200904723]G,80,PASS,SVTYPE=BND;MATEID=sawfish:0:11045:0:0:0,GT:GQ:PL:AD,"0/1:113:113,0,999:56,6"
chr15,99751424,sawfish:0:42226:0:0:1,T,]chr13:113566205]T,514,PASS,SVTYPE=BND;HOMLEN=1;HOMSEQ=T;MATEID=sawfish:0:42226:0:0:0,GT:GQ:PL:AD,"1/1:33:550,33,0:0,11"
chr15,99753135,sawfish:0:46471:0:0:0,T,T[chr19:61705546[,999,PASS,SVTYPE=BND;HOMLEN=13;HOMSEQ=TAGGGTTAGGGTT;MATEID=sawfish:0:46471:0:0:1,GT:GQ:PL:AD,"1/1:81:999,81,0:0,27"
chr16,1253778,sawfish:0:46605:0:0:0,T,[chr16:1263774[T,999,PASS,SVTYPE=BND;HOMLEN=12;HOMSEQ=TGCATGTGTGTG;MATEID=sawfish:0:46605:0:0:1,GT:GQ:PL:AD,"0/1:743:999,0,743:18,34"
chr16,1263762,sawfish:0:46605:0:0:1,C,[chr16:1253790[C,999,PASS,SVTYPE=BND;HOMLEN=12;HOMSEQ=CACACACATGCA;MATEID=sawfish:0:46605:0:0:0,GT:GQ:PL:AD,"0/1:743:999,0,743:18,34"
chr16,16852692,sawfish:0:46934:0:0:0,C,C[chr22:1243567[,536,PASS,SVTYPE=BND;HOMLEN=4;HOMSEQ=TTTT;MATEID=sawfish:0:46934:0:0:1,GT:GQ:PL:AD,"0/1:569:569,0,999:45,15"
chr16,22135586,sawfish:0:11393:0:0:1,T,[chr4:7926467[T,475,PASS,SVTYPE=BND;MATEID=sawfish:0:11393:0:0:0;gene_name=MOSMO,GT:GQ:PL:AD,"0/1:508:508,0,999:81,16"
chr16,22209083,sawfish:0:11395:0:0:1,C,C]chr4:7926525],119,PASS,SVTYPE=BND;HOMLEN=1;HOMSEQ=C;MATEID=sawfish:0:11395:0:0:0,GT:GQ:PL:AD,"0/1:152:152,0,999:90,9"
chr16,32862428,sawfish:0:47185:0:0:0,A,A]chr16:34619665],74,PASS,SVTYPE=BND;HOMLEN=3;HOMSEQ=TCA;MATEID=sawfish:0:47185:0:0:1,GT:GQ:PL:AD,"0/1:107:107,0,999:105,9"
chr16,34619662,sawfish:0:47185:0:0:1,G,G]chr16:32862431],74,PASS,SVTYPE=BND;HOMLEN=3;HOMSEQ=TGA;MATEID=sawfish:0:47185:0:0:0;gene_name=LOC102723945,GT:GQ:PL:AD,"0/1:107:107,0,999:105,9"
chr16,35880221,sawfish:0:19618:0:0:1,C,]chr6:158789724]C,999,PASS,SVTYPE=BND;HOMLEN=6;HOMSEQ=CTTTTT;MATEID=sawfish:0:19618:0:0:0,GT:GQ:PL:AD,"0/1:999:999,0,999:47,46"
chr16,39548207,sawfish:0:47335:0:0:0,T,T]chr16:39558071],744,PASS,SVTYPE=BND;HOMLEN=14;HOMSEQ=GGAATCATCGAATG;MATEID=sawfish:0:47335:0:0:1,GT:GQ:PL:AD,"0/1:777:777,0,999:54,20"
chr16,39558057,sawfish:0:47335:0:0:1,C,C]chr16:39548221],744,PASS,SVTYPE=BND;HOMLEN=14;HOMSEQ=CATTCGATGATTCC;MATEID=sawfish:0:47335:0:0:0,GT:GQ:PL:AD,"0/1:777:777,0,999:54,20"
chr16,39581551,sawfish:0:47359:0:0:0,G,]chr16:50367479]G,838,PASS,SVTYPE=BND;MATEID=sawfish:0:47359:0:0:1,GT:GQ:PL:AD,"0/1:871:871,0,999:54,22"
chr16,39633219,sawfish:0:47367:0:0:0,G,]chr16:50670658]G,719,PASS,SVTYPE=BND;HOMLEN=10;HOMSEQ=GATTCCATTC;MATEID=sawfish:0:47367:0:0:1,GT:GQ:PL:AD,"0/1:752:752,0,999:31,18"
chr16,40019408,sawfish:0:47429:0:0:0,C,C]chr16:52192572],29,PASS,SVTYPE=BND;HOMLEN=11;HOMSEQ=TCCATTTGATT;MATEID=sawfish:0:47429:0:0:1,GT:GQ:PL:AD,"0/1:62:62,0,999:73,6"
chr16,40297186,sawfish:0:47462:0:0:0,T,]chr16:50545159]T,76,PASS,SVTYPE=BND;HOMLEN=14;HOMSEQ=TCGATGATTCCATT;MATEID=sawfish:0:47462:0:0:1,GT:GQ:PL:AD,"0/1:109:109,0,999:73,7"
chr16,40299569,sawfish:0:47463:0:0:0,A,]chr16:40789223]A,999,PASS,SVTYPE=BND;HOMLEN=4;HOMSEQ=AATG;MATEID=sawfish:0:47463:0:0:1,GT:GQ:PL:AD,"0/1:999:999,0,999:310,42"
chr16,40450479,sawfish:0:47470:0:0:0,T,]chr16:50319607]T,999,PASS,SVTYPE=BND;HOMLEN=48;HOMSEQ=TTCGAGTCCAATTGATGATTCCATTCAATTCCATTCGATGATGATTCC;MATEID=sawfish:0:47470:0:0:1,GT:GQ:PL:AD,"0/1:999:999,0,999:26,45"
chr16,40706564,sawfish:0:47516:0:0:0,T,T[chr16:41155817[,139,PASS,SVTYPE=BND;HOMLEN=110;HOMSEQ=GATGATTTCATTCGAGTCCATTCGACACTTCCAATCGATTCCATTTGATGTTTCCATTCGAGTCCAATTGATGATTCCATTCAATTCCATTCGATGATGATTCCGTACGA;MATEID=sawfish:0:47516:0:0:1,GT:GQ:PL:AD,"0/1:172:172,0,972:21,5"
chr16,40746276,sawfish:0:47544:0:0:0,T,]chr16:50547077]T,200,PASS,SVTYPE=BND;HOMLEN=220;HOMSEQ=TTCCATTCGTTGATGCTTCCATTCAAGTGCATTCGATGATATCATTCGATTCCATTTGATGATAATTCCATTTGATTCCATGCGATGATTCTATTCGATTCCATTCAATGATAATTCCATTCAATTCAGTGATTCCTCTGGACTCCATTTGATGATGATTCCATTCAATGATTCCATTCGATTCTATTCGAAAATGATTCCATTTGAATCCATTTGATGA;MATEID=sawfish:0:47544:0:0:1,GT:GQ:PL:AD,"0/1:233:233,0,999:63,9"
chr16,40789223,sawfish:0:47463:0:0:1,C,C[chr16:40299569[,999,PASS,SVTYPE=BND;HOMLEN=4;HOMSEQ=AATG;MATEID=sawfish:0:47463:0:0:0,GT:GQ:PL:AD,"0/1:999:999,0,999:310,42"
chr16,41155817,sawfish:0:47516:0:0:1,G,]chr16:40706564]G,139,PASS,SVTYPE=BND;HOMLEN=110;HOMSEQ=GATGATTTCATTCGAGTCCATTCGACACTTCCAATCGATTCCATTTGATGTTTCCATTCGAGTCCAATTGATGATTCCATTCAATTCCATTCGATGATGATTCCGTACGA;MATEID=sawfish:0:47516:0:0:0,GT:GQ:PL:AD,"0/1:172:172,0,972:21,5"
chr16,41396669,sawfish:0:47725:0:0:0,T,]chr16:49843951]T,597,PASS,SVTYPE=BND;HOMLEN=189;HOMSEQ=TTCTTTTGAGCCCATTCAATGCTTCCACTCGATTCCATATGATGATGACTCCATTTGATGAAATTCCATGATGATTCCATTCGCTTGCATTCGATGATGATTCCACTTGAGTCCGTTAGAAGATTCTATTCAATTACATTCCATGACGATTCTGTTCGAGTCCATTTGATGATTCCATTAGACTCCATT;MATEID=sawfish:0:47725:0:0:1,GT:GQ:PL:AD,"0/1:630:630,0,999:25,15"
chr16,41462709,sawfish:0:47757:0:0:0,G,]chr16:46642983]G,999,PASS,SVTYPE=BND;HOMLEN=268;HOMSEQ=GTTCGATGATAATTCCATTTGATTTCATTCAATGCTTCTATTCTATTCCAGTCGATGATGATTCCGTTGGAGTCCATACGATGATTCCATTTGATTTCATTTGATGATGATTCCATTCGATGATGATTACATTGGATTCCATTCTATGATACCATTCAATTCCATTCGTTGATGATTCGATTCCATTCAATGATGATTCCATTTGAGTTCATTCGATGATTCTATTCGATTCCGTTCGATGGTGATTCAATTCTCTTATATTGGATGA;MATEID=sawfish:0:47757:0:0:1,GT:GQ:PL:AD,"1/1:359:999,359,0:1,135"
chr16,41504560,sawfish:0:47770:0:0:0,G,]chr16:49308063]G,577,PASS,SVTYPE=BND;HOMLEN=219;HOMSEQ=GATTCCATTCAATGATGATTCCACTCAAATCCATTGGATGATTCCATTCGTGTCCATTCGGTGATTTCATTAGATTCCATTCGAGGATGATTCCATTCGATTCCATTCGATGATTCCATTCAATTCCATTCGATGATGATTCCATTCCAGTCCATATGATCATTCCATTTGATTTCATTCGATGATGATTCCATTCGATTCCATTCGATGATTCCATTC;MATEID=sawfish:0:47770:0:0:1,GT:GQ:PL:AD,"0/1:610:610,0,999:94,19"
chr16,41834208,sawfish:0:47805:0:0:0,G,]chr16:51949415]G,327,PASS,SVTYPE=BND;HOMLEN=435;HOMSEQ=GTTAGATTCCATTAGAAGATTCCATTCGATTTTATTCAATGATTCCAATGGATTCCATTCAATGATGATTCCATTCGACTCCATTCAGTGATTCCATTCGAGTCCATTTGATGATTCCATTCTTTTCCATTTGATGATGATTCCATTAGGGTCCATTCAATGATTCCATTCGAGTCCATTCGTTAATGCCTTTCGAGTCCTTTTGATCACTACATTCGAGTCCATTCAATGATTCTATTCGATTCCATTCCATGATGATTCCATTCGAGTTCATTCGATGATTGCATTCGAGTCCATTTGATGATTCCATATGATTCCCTTCGACAATGATTCCATTCGTGTCCATTTGATGATTCCATTCATTTCCTATCGATGAAGATTCCATTCAAGTGTATTCGATGATTCCATTCAAATCCATTCGATGATGATTCCATT;MATEID=sawfish:0:47805:0:0:1,GT:GQ:PL:AD,"0/1:360:360,0,960:21,9"
chr16,41837368,sawfish:0:47808:0:0:0,T,]chr16:44605615]T,999,PASS,SVTYPE=BND;HOMLEN=46;HOMSEQ=TGATACCATTCCATTACATTTGATGATGATCCCATTCAATTTCATT;MATEID=sawfish:0:47808:0:0:1,GT:GQ:PL:AD,"0/1:107:999,0,107:4,27"
chr16,41837368,sawfish:0:47809:0:0:0,T,]chr16:45406025]T,999,PASS,SVTYPE=BND;HOMLEN=46;HOMSEQ=TGATACCATTCCATTACATTTGATGATGATCCCATTCAATTTCATT;MATEID=sawfish:0:47809:0:0:1,GT:GQ:PL:AD,"0/1:104:999,0,104:4,28"
chr16,44605615,sawfish:0:47808:0:0:1,A,A[chr16:41837368[,999,PASS,SVTYPE=BND;HOMLEN=46;HOMSEQ=TGATACCATTCCATTACATTTGATGATGATCCCATTCAATTTCATT;MATEID=sawfish:0:47808:0:0:0,GT:GQ:PL:AD,"0/1:107:999,0,107:4,27"
chr16,45406025,sawfish:0:47809:0:0:1,A,A[chr16:41837368[,999,PASS,SVTYPE=BND;HOMLEN=46;HOMSEQ=TGATACCATTCCATTACATTTGATGATGATCCCATTCAATTTCATT;MATEID=sawfish:0:47809:0:0:0,GT:GQ:PL:AD,"0/1:104:999,0,104:4,28"
chr16,46642983,sawfish:0:47757:0:0:1,C,C[chr16:41462709[,999,PASS,SVTYPE=BND;HOMLEN=268;HOMSEQ=GTTCGATGATAATTCCATTTGATTTCATTCAATGCTTCTATTCTATTCCAGTCGATGATGATTCCGTTGGAGTCCATACGATGATTCCATTTGATTTCATTTGATGATGATTCCATTCGATGATGATTACATTGGATTCCATTCTATGATACCATTCAATTCCATTCGTTGATGATTCGATTCCATTCAATGATGATTCCATTTGAGTTCATTCGATGATTCTATTCGATTCCGTTCGATGGTGATTCAATTCTCTTATATTGGATGA;MATEID=sawfish:0:47757:0:0:0,GT:GQ:PL:AD,"1/1:359:999,359,0:1,135"
chr16,49030436,sawfish:0:47987:0:0:0,G,]chr16:50299380]G,999,PASS,SVTYPE=BND;HOMLEN=9;HOMSEQ=GATTCCATT;MATEID=sawfish:0:47987:0:0:1,GT:GQ:PL:AD,"0/1:999:999,0,999:124,37"
chr16,49308063,sawfish:0:47770:0:0:1,T,T[chr16:41504560[,577,PASS,SVTYPE=BND;HOMLEN=219;HOMSEQ=GATTCCATTCAATGATGATTCCACTCAAATCCATTGGATGATTCCATTCGTGTCCATTCGGTGATTTCATTAGATTCCATTCGAGGATGATTCCATTCGATTCCATTCGATGATTCCATTCAATTCCATTCGATGATGATTCCATTCCAGTCCATATGATCATTCCATTTGATTTCATTCGATGATGATTCCATTCGATTCCATTCGATGATTCCATTC;MATEID=sawfish:0:47770:0:0:0,GT:GQ:PL:AD,"0/1:610:610,0,999:94,19"
chr16,49843951,sawfish:0:47725:0:0:1,T,T[chr16:41396669[,597,PASS,SVTYPE=BND;HOMLEN=189;HOMSEQ=TTCTTTTGAGCCCATTCAATGCTTCCACTCGATTCCATATGATGATGACTCCATTTGATGAAATTCCATGATGATTCCATTCGCTTGCATTCGATGATGATTCCACTTGAGTCCGTTAGAAGATTCTATTCAATTACATTCCATGACGATTCTGTTCGAGTCCATTTGATGATTCCATTAGACTCCATT;MATEID=sawfish:0:47725:0:0:0,GT:GQ:PL:AD,"0/1:630:630,0,999:25,15"
chr16,49925704,sawfish:0:48113:0:0:0,G,G[chr16:50666492[,642,PASS,SVTYPE=BND;MATEID=sawfish:0:48113:0:0:1,GT:GQ:PL:AD,"0/1:425:675,0,425:10,15"
chr16,50196879,sawfish:0:48143:0:0:0,C,]chr16:51150610]C,341,PASS,SVTYPE=BND;HOMLEN=1;HOMSEQ=C;MATEID=sawfish:0:48143:0:0:1,GT:GQ:PL:AD,"0/1:374:374,0,999:32,10"
chr16,50299380,sawfish:0:47987:0:0:1,T,T[chr16:49030436[,999,PASS,SVTYPE=BND;HOMLEN=9;HOMSEQ=GATTCCATT;MATEID=sawfish:0:47987:0:0:0,GT:GQ:PL:AD,"0/1:999:999,0,999:124,37"
chr16,50319607,sawfish:0:47470:0:0:1,G,G[chr16:40450479[,999,PASS,SVTYPE=BND;HOMLEN=48;HOMSEQ=TTCGAGTCCAATTGATGATTCCATTCAATTCCATTCGATGATGATTCC;MATEID=sawfish:0:47470:0:0:0,GT:GQ:PL:AD,"0/1:999:999,0,999:26,45"
chr16,50367479,sawfish:0:47359:0:0:1,T,T[chr16:39581551[,838,PASS,SVTYPE=BND;MATEID=sawfish:0:47359:0:0:0,GT:GQ:PL:AD,"0/1:871:871,0,999:54,22"
chr16,50545159,sawfish:0:47462:0:0:1,T,T[chr16:40297186[,76,PASS,SVTYPE=BND;HOMLEN=14;HOMSEQ=TCGATGATTCCATT;MATEID=sawfish:0:47462:0:0:0,GT:GQ:PL:AD,"0/1:109:109,0,999:73,7"
chr16,50547077,sawfish:0:47544:0:0:1,A,A[chr16:40746276[,200,PASS,SVTYPE=BND;HOMLEN=220;HOMSEQ=TTCCATTCGTTGATGCTTCCATTCAAGTGCATTCGATGATATCATTCGATTCCATTTGATGATAATTCCATTTGATTCCATGCGATGATTCTATTCGATTCCATTCAATGATAATTCCATTCAATTCAGTGATTCCTCTGGACTCCATTTGATGATGATTCCATTCAATGATTCCATTCGATTCTATTCGAAAATGATTCCATTTGAATCCATTTGATGA;MATEID=sawfish:0:47544:0:0:0,GT:GQ:PL:AD,"0/1:233:233,0,999:63,9"
chr16,50572940,sawfish:0:48331:0:0:0,C,]chr16:51979636]C,33,PASS,SVTYPE=BND;HOMLEN=1;HOMSEQ=C;MATEID=sawfish:0:48331:0:0:1,GT:GQ:PL:AD,"0/1:66:66,0,999:56,5"
chr16,50666492,sawfish:0:48113:0:0:1,G,]chr16:49925704]G,642,PASS,SVTYPE=BND;MATEID=sawfish:0:48113:0:0:0,GT:GQ:PL:AD,"0/1:425:675,0,425:10,15"
chr16,50670658,sawfish:0:47367:0:0:1,A,A[chr16:39633219[,719,PASS,SVTYPE=BND;HOMLEN=10;HOMSEQ=GATTCCATTC;MATEID=sawfish:0:47367:0:0:0,GT:GQ:PL:AD,"0/1:752:752,0,999:31,18"
chr16,50868903,sawfish:0:48375:0:0:0,T,T[chr16:51102996[,102,PASS,SVTYPE=BND;HOMLEN=23;HOMSEQ=TTCCATTCAATGATTCCATTCGA;MATEID=sawfish:0:48375:0:0:1,GT:GQ:PL:AD,"0/1:85:135,0,85:2,3"
chr16,51102996,sawfish:0:48375:0:0:1,T,]chr16:50868903]T,102,PASS,SVTYPE=BND;HOMLEN=23;HOMSEQ=TTCCATTCAATGATTCCATTCGA;MATEID=sawfish:0:48375:0:0:0,GT:GQ:PL:AD,"0/1:85:135,0,85:2,3"
chr16,51150610,sawfish:0:48143:0:0:1,C,C[chr16:50196879[,341,PASS,SVTYPE=BND;HOMLEN=1;HOMSEQ=C;MATEID=sawfish:0:48143:0:0:0,GT:GQ:PL:AD,"0/1:374:374,0,999:32,10"
chr16,51496285,sawfish:0:48482:0:0:0,C,C[chr16:51910303[,231,PASS,SVTYPE=BND;HOMLEN=7;HOMSEQ=ATTCGAT;MATEID=sawfish:0:48482:0:0:1,GT:GQ:PL:AD,"0/1:264:264,0,264:6,6"
chr16,51910303,sawfish:0:48482:0:0:1,A,]chr16:51496285]A,231,PASS,SVTYPE=BND;HOMLEN=7;HOMSEQ=ATTCGAT;MATEID=sawfish:0:48482:0:0:0,GT:GQ:PL:AD,"0/1:264:264,0,264:6,6"
chr16,51946755,sawfish:0:48542:0:0:0,C,C[chr16:52000792[,260,PASS,SVTYPE=BND;MATEID=sawfish:0:48542:0:0:1,GT:GQ:PL:AD,"0/1:293:293,0,999:43,9"
chr16,51949415,sawfish:0:47805:0:0:1,T,T[chr16:41834208[,327,PASS,SVTYPE=BND;HOMLEN=435;HOMSEQ=GTTAGATTCCATTAGAAGATTCCATTCGATTTTATTCAATGATTCCAATGGATTCCATTCAATGATGATTCCATTCGACTCCATTCAGTGATTCCATTCGAGTCCATTTGATGATTCCATTCTTTTCCATTTGATGATGATTCCATTAGGGTCCATTCAATGATTCCATTCGAGTCCATTCGTTAATGCCTTTCGAGTCCTTTTGATCACTACATTCGAGTCCATTCAATGATTCTATTCGATTCCATTCCATGATGATTCCATTCGAGTTCATTCGATGATTGCATTCGAGTCCATTTGATGATTCCATATGATTCCCTTCGACAATGATTCCATTCGTGTCCATTTGATGATTCCATTCATTTCCTATCGATGAAGATTCCATTCAAGTGTATTCGATGATTCCATTCAAATCCATTCGATGATGATTCCATT;MATEID=sawfish:0:47805:0:0:0,GT:GQ:PL:AD,"0/1:360:360,0,960:21,9"
chr16,51979636,sawfish:0:48331:0:0:1,T,T[chr16:50572940[,33,PASS,SVTYPE=BND;HOMLEN=1;HOMSEQ=C;MATEID=sawfish:0:48331:0:0:0,GT:GQ:PL:AD,"0/1:66:66,0,999:56,5"
chr16,52000792,sawfish:0:48542:0:0:1,C,]chr16:51946755]C,260,PASS,SVTYPE=BND;MATEID=sawfish:0:48542:0:0:0,GT:GQ:PL:AD,"0/1:293:293,0,999:43,9"
chr16,52192561,sawfish:0:47429:0:0:1,G,G]chr16:40019419],29,PASS,SVTYPE=BND;HOMLEN=11;HOMSEQ=AATCAAATGGA;MATEID=sawfish:0:47429:0:0:0,GT:GQ:PL:AD,"0/1:62:62,0,999:73,6"
chr16,66667622,sawfish:0:48760:0:0:0,A,[chr17:67466097[A,743,PASS,SVTYPE=BND;MATEID=sawfish:0:48760:0:0:1,GT:GQ:PL:AD,"0/1:776:776,0,999:70,21"
chr16,81252069,sawfish:0:48926:0:0:0,G,G]chr16:81270380],999,PASS,SVTYPE=BND;HOMLEN=3;HOMSEQ=CCC;MATEID=sawfish:0:48926:0:0:1;gene_name=CTRB2,GT:GQ:PL:AD,"0/1:999:999,0,999:27,33"
chr16,81270377,sawfish:0:48926:0:0:1,A,A]chr16:81252072],999,PASS,SVTYPE=BND;HOMLEN=3;HOMSEQ=GGG;MATEID=sawfish:0:48926:0:0:0;gene_name=CTRB1,GT:GQ:PL:AD,"0/1:999:999,0,999:27,33"
chr16,85887464,sawfish:0:49001:0:0:0,T,]chr17:34683546]T,204,PASS,SVTYPE=BND;HOMLEN=5;HOMSEQ=TTTTT;MATEID=sawfish:0:49001:0:0:1,GT:GQ:PL:AD,"0/1:237:237,0,999:46,8"
chr17,9528299,sawfish:0:37153:0:0:1,C,[chr11:104689628[C,999,PASS,SVTYPE=BND;HOMLEN=4;HOMSEQ=CTGA;MATEID=sawfish:0:37153:0:0:0;gene_name=CFAP52,GT:GQ:PL:AD,"0/1:999:999,0,999:52,54"
chr17,9529766,sawfish:0:37155:0:0:1,A,A]chr11:104689625],999,PASS,SVTYPE=BND;MATEID=sawfish:0:37155:0:0:0;gene_name=CFAP52,GT:GQ:PL:AD,"0/1:999:999,0,999:57,59"
chr17,19987004,sawfish:0:7362:0:0:1,A,]chr2:194171659]A,796,PASS,SVTYPE=BND;MATEID=sawfish:0:7362:0:0:0;gene_name=SPECC1,GT:GQ:PL:AD,"0/1:829:829,0,999:68,22"
chr17,19987046,sawfish:0:43126:0:0:1,T,T]chr14:14704779],193,PASS,SVTYPE=BND;MATEID=sawfish:0:43126:0:0:0;gene_name=SPECC1,GT:GQ:PL:AD,"0/1:226:226,0,999:81,10"
chr17,27240013,sawfish:0:50365:0:0:0,C,C[chr17:27476574[,999,PASS,SVTYPE=BND;HOMLEN=30;HOMSEQ=TGTGGCATCTGCAAGGGGACATGTAGACCT;MATEID=sawfish:0:50365:0:0:1,GT:GQ:PL:AD,"0/1:999:999,0,999:36,64"
chr17,27476574,sawfish:0:50365:0:0:1,T,]chr17:27240013]T,999,PASS,SVTYPE=BND;HOMLEN=30;HOMSEQ=TGTGGCATCTGCAAGGGGACATGTAGACCT;MATEID=sawfish:0:50365:0:0:0,GT:GQ:PL:AD,"0/1:999:999,0,999:36,64"
chr17,28151914,sawfish:0:39437:0:0:1,C,[chr12:101445271[C,794,PASS,SVTYPE=BND;HOMLEN=1;HOMSEQ=C;MATEID=sawfish:0:39437:0:0:0,GT:GQ:PL:AD,"0/1:827:827,0,999:53,21"
chr17,31566524,sawfish:0:50489:0:0:0,G,[chr17:31570259[G,179,PASS,SVTYPE=BND;MATEID=sawfish:0:50489:0:0:1;gene_name=SMURF2P1-LRRC37BP1,GT:GQ:PL:AD,"0/1:212:212,0,999:39,7"
chr17,31570259,sawfish:0:50489:0:0:1,C,[chr17:31566524[C,179,PASS,SVTYPE=BND;MATEID=sawfish:0:50489:0:0:0;gene_name=SMURF2P1-LRRC37BP1,GT:GQ:PL:AD,"0/1:212:212,0,999:39,7"
chr17,34683546,sawfish:0:49001:0:0:1,A,A[chr16:85887464[,204,PASS,SVTYPE=BND;HOMLEN=5;HOMSEQ=TTTTT;MATEID=sawfish:0:49001:0:0:0;gene_name=ASIC2,GT:GQ:PL:AD,"0/1:237:237,0,999:46,8"
chr17,37319225,sawfish:0:50541:0:0:0,T,[chr17:38877502[T,999,PASS,SVTYPE=BND;HOMLEN=19;HOMSEQ=TTTTTTTTTTTTTTTTTTT;MATEID=sawfish:0:50541:0:0:1,GT:GQ:PL:AD,"0/1:999:999,0,999:79,32"
chr17,38877483,sawfish:0:50541:0:0:1,A,[chr17:37319244[A,999,PASS,SVTYPE=BND;HOMLEN=19;HOMSEQ=AAAAAAAAAAAAAAAAAAA;MATEID=sawfish:0:50541:0:0:0;gene_name=LOC100420852,GT:GQ:PL:AD,"0/1:999:999,0,999:79,32"
chr17,67139739,sawfish:0:43165:0:0:1,A,A[chr14:16837266[,87,PASS,SVTYPE=BND;HOMLEN=1;HOMSEQ=G;MATEID=sawfish:0:43165:0:0:0,GT:GQ:PL:AD,"0/1:120:120,0,999:85,8"
chr17,67466097,sawfish:0:48760:0:0:1,T,[chr16:66667622[T,743,PASS,SVTYPE=BND;MATEID=sawfish:0:48760:0:0:0;gene_name=PRKCA,GT:GQ:PL:AD,"0/1:776:776,0,999:70,21"
chr17,67516181,sawfish:0:50899:0:0:0,C,]chr22:17477917]C,983,PASS,SVTYPE=BND;MATEID=sawfish:0:50899:0:0:1;gene_name=PRKCA,GT:GQ:PL:AD,"0/1:999:999,0,999:37,24"
chr17,67516791,sawfish:0:25431:0:0:1,A,A]chr8:135194779],351,PASS,SVTYPE=BND;MATEID=sawfish:0:25431:0:0:0;gene_name=PRKCA,GT:GQ:PL:AD,"0/1:384:384,0,999:44,11"
chr18,15256429,sawfish:0:10109:0:0:1,G,]chr3:139225801]G,999,PASS,SVTYPE=BND;MATEID=sawfish:0:10109:0:0:0,GT:GQ:PL:AD,"0/1:999:999,0,999:60,38"
chr18,15256441,sawfish:0:43197:0:0:1,C,C[chr14:18685015[,462,PASS,SVTYPE=BND;HOMLEN=2;HOMSEQ=TT;MATEID=sawfish:0:43197:0:0:0,GT:GQ:PL:AD,"0/1:495:495,0,999:101,17"
chr18,28050585,sawfish:0:52472:0:0:0,T,T]chr18:28050792],132,PASS,SVTYPE=BND;HOMLEN=1;HOMSEQ=T;MATEID=sawfish:0:52472:0:0:1,GT:GQ:PL:AD,"0/1:165:165,0,999:39,6"
chr18,28050791,sawfish:0:52472:0:0:1,T,T]chr18:28050586],132,PASS,SVTYPE=BND;HOMLEN=1;HOMSEQ=A;MATEID=sawfish:0:52472:0:0:0,GT:GQ:PL:AD,"0/1:165:165,0,999:39,6"
chr18,36431856,sawfish:0:10692:0:0:1,A,A]chr3:191454177],921,PASS,SVTYPE=BND;HOMLEN=76;HOMSEQ=CTTTTGGTCTTTGATGATGGTGATGTACAGATGGGTTTTTGGTGTGGATGTCCTTTCTGTTTGTTAGTTTTCCTTC;MATEID=sawfish:0:10692:0:0:0;gene_name=MOCOS,GT:GQ:PL:AD,"0/1:954:954,0,999:89,26"
chr18,73076289,sawfish:0:52985:0:0:0,C,C[chrX:45336200[,160,PASS,SVTYPE=BND;MATEID=sawfish:0:52985:0:0:1;gene_name=NETO1,GT:GQ:PL:AD,"0/1:193:193,0,999:45,7"
chr18,77032170,sawfish:0:22439:0:0:1,T,T]chr7:111233543],885,PASS,SVTYPE=BND;MATEID=sawfish:0:22439:0:0:0;gene_name=ZNF236-DT,GT:GQ:PL:AD,"0/1:918:918,0,999:101,26"
chr18,80540303,sawfish:0:25727:0:0:1,T,]chr8:146254006]T,49,PASS,SVTYPE=BND;MATEID=sawfish:0:25727:0:0:0,GT:GQ:PL:AD,"0/1:82:82,0,182:4,2"
chr19,196812,sawfish:0:23335:0:0:1,T,T[chr8:2020[,150,PASS,SVTYPE=BND;HOMLEN=14;HOMSEQ=CCTAACCCTAACCC;MATEID=sawfish:0:23335:0:0:0;gene_name=LOC101928344,GT:GQ:PL:AD,"0/1:183:183,0,999:64,8"
chr19,13830782,sawfish:0:17943:0:0:1,A,A[chr6:32475230[,161,PASS,SVTYPE=BND;MATEID=sawfish:0:17943:0:0:0;gene_name=LOC105372284,GT:GQ:PL:AD,"0/1:194:194,0,999:76,9"
chr19,15832216,sawfish:0:53730:0:0:0,T,T[chr19:15913875[,719,PASS,SVTYPE=BND;HOMLEN=40;HOMSEQ=TCTTTTATTTCATTGAGCAGTGGTTTGTAGTTCTCCTTGA;MATEID=sawfish:0:53730:0:0:1,GT:GQ:PL:AD,"0/1:752:752,0,999:78,21"
chr19,15913875,sawfish:0:53730:0:0:1,T,]chr19:15832216]T,719,PASS,SVTYPE=BND;HOMLEN=40;HOMSEQ=TCTTTTATTTCATTGAGCAGTGGTTTGTAGTTCTCCTTGA;MATEID=sawfish:0:53730:0:0:0,GT:GQ:PL:AD,"0/1:752:752,0,999:78,21"
chr19,24700867,sawfish:0:53942:0:0:0,A,[chr19:25658534[A,353,PASS,SVTYPE=BND;MATEID=sawfish:0:53942:0:0:1,GT:GQ:PL:AD,"0/1:386:386,0,999:59,12"
chr19,25658534,sawfish:0:53942:0:0:1,T,[chr19:24700867[T,353,PASS,SVTYPE=BND;MATEID=sawfish:0:53942:0:0:0,GT:GQ:PL:AD,"0/1:386:386,0,999:59,12"
chr19,45062732,sawfish:0:32197:0:0:1,A,A]chr10:952173],967,PASS,SVTYPE=BND;HOMLEN=1;HOMSEQ=A;MATEID=sawfish:0:32197:0:0:0,GT:GQ:PL:AD,"0/1:999:999,0,999:58,25"
chr19,45085570,sawfish:0:2194:0:0:1,G,]chr1:128421251]G,999,PASS,SVTYPE=BND;HOMLEN=2;HOMSEQ=GA;MATEID=sawfish:0:2194:0:0:0,GT:GQ:PL:AD,"0/1:999:999,0,999:63,48"
chr19,45114512,sawfish:0:2198:0:0:1,C,C]chr1:128422055],999,PASS,SVTYPE=BND;MATEID=sawfish:0:2198:0:0:0;gene_name=CIC,GT:GQ:PL:AD,"0/1:999:999,0,999:61,44"
chr19,45150884,sawfish:0:2209:0:0:1,A,[chr1:128478572[A,939,PASS,SVTYPE=BND;HOMLEN=1;HOMSEQ=A;MATEID=sawfish:0:2209:0:0:0;gene_name=MEGF8,GT:GQ:PL:AD,"0/1:972:972,0,999:83,26"
chr19,47272743,sawfish:0:31534:0:0:1,T,[chr9:119432349[T,999,PASS,SVTYPE=BND;HOMLEN=1;HOMSEQ=T;MATEID=sawfish:0:31534:0:0:0,GT:GQ:PL:AD,"1/1:144:999,144,0:0,48"
chr19,47272761,sawfish:0:18126:0:0:1,T,[chr6:44322034[T,999,PASS,SVTYPE=BND;MATEID=sawfish:0:18126:0:0:0,GT:GQ:PL:AD,"0/1:999:999,0,999:27,32"
chr19,61704426,sawfish:0:25735:0:0:1,A,[chr9:9[A,239,PASS,SVTYPE=BND;HOMLEN=8;HOMSEQ=AGGGTTAG;MATEID=sawfish:0:25735:0:0:0,GT:GQ:PL:AD,"0/1:272:272,0,872:19,7"
chr19,61705517,sawfish:0:23334:0:0:1,T,]chr7:160567426]T,999,PASS,SVTYPE=BND;HOMLEN=2;HOMSEQ=TA;MATEID=sawfish:0:23334:0:0:0,GT:GQ:PL:AD,"1/1:93:999,93,0:0,31"
chr19,61705517,sawfish:0:40123:0:0:1,T,]chr12:133324539]T,999,PASS,SVTYPE=BND;HOMLEN=1;HOMSEQ=T;MATEID=sawfish:0:40123:0:0:0,GT:GQ:PL:AD,"1/1:84:999,84,0:0,28"
chr19,61705546,sawfish:0:46471:0:0:1,T,]chr15:99753135]T,999,PASS,SVTYPE=BND;HOMLEN=13;HOMSEQ=TAGGGTTAGGGTT;MATEID=sawfish:0:46471:0:0:0,GT:GQ:PL:AD,"1/1:81:999,81,0:0,27"
chr20,1897,sawfish:0:20127:0:0:1,A,A[chr7:62[,745,PASS,SVTYPE=BND;HOMLEN=3;HOMSEQ=CCC;MATEID=sawfish:0:20127:0:0:0,GT:GQ:PL:AD,"0/1:278:778,0,278:7,17"
chr20,81685,sawfish:0:11051:0:0:1,C,C]chr3:201088902],136,PASS,SVTYPE=BND;MATEID=sawfish:0:11051:0:0:0;gene_name=WASH5P,GT:GQ:PL:AD,"0/1:169:169,0,999:53,7"
chr20,30966331,sawfish:0:16906:0:0:1,T,T[chr5:154481284[,999,PASS,SVTYPE=BND;HOMLEN=2;HOMSEQ=GG;MATEID=sawfish:0:16906:0:0:0,GT:GQ:PL:AD,"0/1:869:999,0,869:21,39"
chr20,31628034,sawfish:0:55862:0:0:0,T,[chr21:8546530[T,856,PASS,SVTYPE=BND;MATEID=sawfish:0:55862:0:0:1,GT:GQ:PL:AD,"0/1:889:889,0,999:48,22"
chr20,45130385,sawfish:0:56593:0:0:0,T,]chrX:147444828]T,989,PASS,SVTYPE=BND;MATEID=sawfish:0:56593:0:0:1,GT:GQ:PL:AD,"0/1:999:999,0,999:82,27"
chr20,66105705,sawfish:0:17370:0:0:1,G,[chr6:4332[G,856,PASS,SVTYPE=BND;HOMLEN=224;HOMSEQ=GGGAAGGAGGCTGGTGCCAGAGTGGATTCGGATTGATCACCACACATGTACCTCAACCAACAGTGAGGAGGTCCCACAAGCCTAAGTGTGGCAAGTCGGGGACCTAAGGCAGTAGCAGGAAAACCAGACAAAGAGAACAGGTGGAGACTTGAGACAGAGGCAGGAATGTGAAGAAGTCCAAAATAAAATTCCCTGCACAGGACTCCTAGGATGTTTTCATGCAC;MATEID=sawfish:0:17370:0:0:0,GT:GQ:PL:AD,"0/1:889:889,0,999:48,22"
chr21,310203,sawfish:0:4920:0:0:1,T,T]chr2:53229652],568,PASS,SVTYPE=BND;MATEID=sawfish:0:4920:0:0:0,GT:GQ:PL:AD,"0/1:601:601,0,999:128,21"
chr21,312889,sawfish:0:57178:0:0:0,A,[chrX:101553201[A,280,PASS,SVTYPE=BND;MATEID=sawfish:0:57178:0:0:1,GT:GQ:PL:AD,"0/1:313:313,0,999:99,13"
chr21,455211,sawfish:0:57187:0:0:0,T,[chr22:8444137[T,999,PASS,SVTYPE=BND;HOMLEN=4;HOMSEQ=TCCA;MATEID=sawfish:0:57187:0:0:1,GT:GQ:PL:AD,"0/1:999:999,0,999:65,32"
chr21,2051638,sawfish:0:9610:0:0:1,A,]chr3:95478996]TCCA,999,PASS,SVTYPE=BND;MATEID=sawfish:0:9610:0:0:0;INSLEN=3,GT:GQ:PL:AD,"0/1:999:999,0,999:30,57"
chr21,6100217,sawfish:0:2230:0:0:1,T,T]chr1:128517825],999,PASS,SVTYPE=BND;HOMLEN=125;HOMSEQ=ATAGGCAGAGCCTACACTAGAGTTACATCACTTAGGTATTCAGTGCAGAGACATGTCACAATACCCCCTGTAAGCAGAGCCTAGACAAGGGTTACATCACCTGGGTGATCAGTGCAGAGATATGT;MATEID=sawfish:0:2230:0:0:0,GT:GQ:PL:AD,"0/1:999:999,0,999:59,33"
chr21,6373945,sawfish:0:57757:0:0:0,T,]chr22:11186175]T,537,PASS,SVTYPE=BND;HOMLEN=1;HOMSEQ=T;MATEID=sawfish:0:57757:0:0:1,GT:GQ:PL:AD,"0/1:570:570,0,999:201,25"
chr21,6474140,sawfish:0:42667:0:0:1,G,G]chr14:4693211],173,PASS,SVTYPE=BND;HOMLEN=11;HOMSEQ=AATGGAAAGGA;MATEID=sawfish:0:42667:0:0:0,GT:GQ:PL:AD,"0/1:206:206,0,999:72,9"
chr21,6475979,sawfish:0:42668:0:0:1,G,G]chr14:4693164],339,PASS,SVTYPE=BND;MATEID=sawfish:0:42668:0:0:0,GT:GQ:PL:AD,"0/1:372:372,0,999:48,11"
chr21,6665368,sawfish:0:57879:0:0:0,G,G]chr22:7442104],544,PASS,SVTYPE=BND;MATEID=sawfish:0:57879:0:0:1,GT:GQ:PL:AD,"0/1:577:577,0,999:58,16"
chr21,7349986,sawfish:0:40496:0:0:1,T,[chr13:10335766[T,999,PASS,SVTYPE=BND;HOMLEN=5;HOMSEQ=TGGAA;MATEID=sawfish:0:40496:0:0:0,GT:GQ:PL:AD,"0/1:606:999,0,606:15,33"
chr21,7883535,sawfish:0:40686:0:0:1,T,T]chr13:13819354],364,PASS,SVTYPE=BND;HOMLEN=2;HOMSEQ=GA;MATEID=sawfish:0:40686:0:0:0,GT:GQ:PL:AD,"1/1:24:400,24,0:0,8"
chr21,8546530,sawfish:0:55862:0:0:1,G,[chr20:31628034[G,856,PASS,SVTYPE=BND;MATEID=sawfish:0:55862:0:0:0,GT:GQ:PL:AD,"0/1:889:889,0,999:48,22"
chr21,20621842,sawfish:0:10068:0:0:1,A,]chr3:135696438]A,295,PASS,SVTYPE=BND;HOMLEN=1;HOMSEQ=A;MATEID=sawfish:0:10068:0:0:0;gene_name=LOC107985508,GT:GQ:PL:AD,"0/1:328:328,0,999:94,13"
chr21,35491691,sawfish:0:16904:0:0:1,G,]chr5:154481257]G,999,PASS,SVTYPE=BND;HOMLEN=19;HOMSEQ=GATCAAACTGCAAGGTGGC;MATEID=sawfish:0:16904:0:0:0;gene_name=TTC3,GT:GQ:PL:AD,"0/1:999:999,0,999:59,42"
chr21,35496834,sawfish:0:16907:0:0:1,C,C[chr5:154481286[,999,PASS,SVTYPE=BND;HOMLEN=16;HOMSEQ=GATTCCTCAGGGATCT;MATEID=sawfish:0:16907:0:0:0;gene_name=TTC3,GT:GQ:PL:AD,"0/1:999:999,0,999:69,38"
chr21,45087275,sawfish:0:8182:0:0:1,T,[chr3:54[T,864,PASS,SVTYPE=BND;HOMLEN=52;HOMSEQ=TTAGGGTTAGGGTTAGGGTTAGGGTTAGGGTTAGGGTTAGGGTTAGGGTTAG;MATEID=sawfish:0:8182:0:0:0,GT:GQ:PL:AD,"1/1:54:900,54,0:0,18"
chr21,45087391,sawfish:0:44301:0:0:1,G,]chr14:101161414]G,407,PASS,SVTYPE=BND;HOMLEN=2;HOMSEQ=GG;MATEID=sawfish:0:44301:0:0:0,GT:GQ:PL:AD,"0/1:440:440,0,440:10,10"
chr21,45087422,sawfish:0:40124:0:0:1,G,]chr12:133324137]G,807,PASS,SVTYPE=BND;HOMLEN=2;HOMSEQ=GG;MATEID=sawfish:0:40124:0:0:0,GT:GQ:PL:AD,"0/1:40:840,0,40:2,18"
chr22,472589,sawfish:0:58977:0:0:0,C,C]chr22:8440739],471,PASS,SVTYPE=BND;HOMLEN=2;HOMSEQ=AC;MATEID=sawfish:0:58977:0:0:1,GT:GQ:PL:AD,"0/1:504:504,0,999:51,14"
chr22,1243567,sawfish:0:46934:0:0:1,T,]chr16:16852692]T,536,PASS,SVTYPE=BND;HOMLEN=4;HOMSEQ=TTTT;MATEID=sawfish:0:46934:0:0:0,GT:GQ:PL:AD,"0/1:569:569,0,999:45,15"
chr22,6073315,sawfish:0:42587:0:0:1,C,C]chr14:4288885],287,PASS,SVTYPE=BND;HOMLEN=2;HOMSEQ=AC;MATEID=sawfish:0:42587:0:0:0,GT:GQ:PL:AD,"0/1:320:320,0,999:159,17"
chr22,6187171,sawfish:0:2148:0:0:1,G,[chr1:128171744[G,97,PASS,SVTYPE=BND;HOMLEN=15;HOMSEQ=GGGTGATCAGTGCAG;MATEID=sawfish:0:2148:0:0:0,GT:GQ:PL:AD,"0/1:130:130,0,999:144,12"
chr22,7101880,sawfish:0:44959:0:0:1,A,]chr15:5976724]A,999,PASS,SVTYPE=BND;HOMLEN=41;HOMSEQ=ATTCCATTCCATGCCATTCCATTCCATTCCATTCCATTCCA;MATEID=sawfish:0:44959:0:0:0,GT:GQ:PL:AD,"0/1:999:999,0,999:38,29"
chr22,7442104,sawfish:0:57879:0:0:1,A,A]chr21:6665368],544,PASS,SVTYPE=BND;MATEID=sawfish:0:57879:0:0:0,GT:GQ:PL:AD,"0/1:577:577,0,999:58,16"
chr22,7890412,sawfish:0:2150:0:0:1,A,A[chr1:128171789[,464,PASS,SVTYPE=BND;MATEID=sawfish:0:2150:0:0:0,GT:GQ:PL:AD,"0/1:497:497,0,999:69,15"
chr22,8435333,sawfish:0:42258:0:0:1,G,[chr14:755721[G,437,PASS,SVTYPE=BND;HOMLEN=113;HOMSEQ=GGAAAGTAAGGGAGTGGAATGGTGTGGAGTGGAATGGAATGGATTGGAAAGCAATGCAGTGGAATGGAGTGGAGTCGAACTGAGTGGAGTAAATGGAATGGAGTGGAGTGGAA;MATEID=sawfish:0:42258:0:0:0,GT:GQ:PL:AD,"0/1:470:470,0,999:78,15"
chr22,8440737,sawfish:0:58977:0:0:1,A,A]chr22:472591],471,PASS,SVTYPE=BND;HOMLEN=2;HOMSEQ=GT;MATEID=sawfish:0:58977:0:0:0,GT:GQ:PL:AD,"0/1:504:504,0,999:51,14"
chr22,8444133,sawfish:0:57187:0:0:1,T,[chr21:455215[T,999,PASS,SVTYPE=BND;HOMLEN=4;HOMSEQ=TGGA;MATEID=sawfish:0:57187:0:0:0,GT:GQ:PL:AD,"0/1:999:999,0,999:65,32"
chr22,9529990,sawfish:0:42564:0:0:1,T,]chr14:4245538]T,999,PASS,SVTYPE=BND;HOMLEN=1;HOMSEQ=T;MATEID=sawfish:0:42564:0:0:0,GT:GQ:PL:AD,"0/1:999:999,0,999:72,29"
chr22,9537246,sawfish:0:42575:0:0:1,C,C[chr14:4253761[,999,PASS,SVTYPE=BND;HOMLEN=2;HOMSEQ=CC;MATEID=sawfish:0:42575:0:0:0,GT:GQ:PL:AD,"0/1:999:999,0,999:68,49"
chr22,9539885,sawfish:0:42572:0:0:1,G,]chr14:4251540]G,999,PASS,SVTYPE=BND;MATEID=sawfish:0:42572:0:0:0,GT:GQ:PL:AD,"0/1:999:999,0,999:68,31"
chr22,9604074,sawfish:0:2156:0:0:1,T,T]chr1:128172926],999,PASS,SVTYPE=BND;HOMLEN=1;HOMSEQ=A;MATEID=sawfish:0:2156:0:0:0,GT:GQ:PL:AD,"0/1:999:999,0,999:66,36"
chr22,9695321,sawfish:0:2097:0:0:1,G,[chr1:128064345[G,473,PASS,SVTYPE=BND;MATEID=sawfish:0:2097:0:0:0,GT:GQ:PL:AD,"0/1:506:506,0,999:35,13"
chr22,10720732,sawfish:0:59919:0:0:0,T,]chr22:10958606]T,999,PASS,SVTYPE=BND;HOMLEN=1;HOMSEQ=T;MATEID=sawfish:0:59919:0:0:1,GT:GQ:PL:AD,"0/1:999:999,0,999:85,31"
chr22,10958606,sawfish:0:59919:0:0:1,A,A[chr22:10720732[,999,PASS,SVTYPE=BND;HOMLEN=1;HOMSEQ=T;MATEID=sawfish:0:59919:0:0:0,GT:GQ:PL:AD,"0/1:999:999,0,999:85,31"
chr22,11186175,sawfish:0:57757:0:0:1,A,A[chr21:6373945[,537,PASS,SVTYPE=BND;HOMLEN=1;HOMSEQ=T;MATEID=sawfish:0:57757:0:0:0,GT:GQ:PL:AD,"0/1:570:570,0,999:201,25"
chr22,17477917,sawfish:0:50899:0:0:1,A,A[chr17:67516181[,983,PASS,SVTYPE=BND;MATEID=sawfish:0:50899:0:0:0;gene_name=XKR3,GT:GQ:PL:AD,"0/1:999:999,0,999:37,24"
chr22,19314661,sawfish:0:1158:0:0:1,G,]chr1:75220025]G,999,PASS,SVTYPE=BND;HOMLEN=2;HOMSEQ=GG;MATEID=sawfish:0:1158:0:0:0;gene_name=LOC122455341,GT:GQ:PL:AD,"0/1:999:999,0,999:64,46"
chr22,19315013,sawfish:0:10259:0:0:1,T,[chr3:151318628[T,999,PASS,SVTYPE=BND;MATEID=sawfish:0:10259:0:0:0;gene_name=LOC122455341,GT:GQ:PL:AD,"0/1:999:999,0,999:54,32"
chr22,19317583,sawfish:0:1154:0:0:1,G,G[chr1:75219428[,999,PASS,SVTYPE=BND;MATEID=sawfish:0:1154:0:0:0;gene_name=LOC122455341,GT:GQ:PL:AD,"0/1:999:999,0,999:73,48"
chr22,19322350,sawfish:0:1160:0:0:1,T,T[chr1:75219503[,999,PASS,SVTYPE=BND;HOMLEN=3;HOMSEQ=TTT;MATEID=sawfish:0:1160:0:0:0;gene_name=LOC122455341,GT:GQ:PL:AD,"0/1:999:999,0,999:33,85"
chr22,24300932,sawfish:0:34133:0:0:1,G,]chr10:81499682]G,919,PASS,SVTYPE=BND;MATEID=sawfish:0:34133:0:0:0,GT:GQ:PL:AD,"0/1:952:952,0,999:74,25"
chr22,27234748,sawfish:0:37889:0:0:1,T,T]chr12:14047377],669,PASS,SVTYPE=BND;MATEID=sawfish:0:37889:0:0:0;gene_name=MIATNB,GT:GQ:PL:AD,"0/1:702:702,0,999:79,20"
chr22,45707167,sawfish:0:25362:0:0:1,A,[chr8:129949845[A,882,PASS,SVTYPE=BND;MATEID=sawfish:0:25362:0:0:0;gene_name=KIAA0930,GT:GQ:PL:AD,"0/1:915:915,0,999:102,26"
chr22,45707201,sawfish:0:25368:0:0:1,G,G]chr8:129952982],132,PASS,SVTYPE=BND;HOMLEN=1;HOMSEQ=T;MATEID=sawfish:0:25368:0:0:0;gene_name=KIAA0930,GT:GQ:PL:AD,"0/1:165:165,0,999:117,11"
chrX,28843101,sawfish:0:61629:0:0:0,G,[chrX:28844151[G,191,PASS,SVTYPE=BND;HOMLEN=2;HOMSEQ=GT;MATEID=sawfish:0:61629:0:0:1;gene_name=IL1RAPL1,GT:GQ:PL:AD,"0/1:224:224,0,999:66,9"
chrX,28844149,sawfish:0:61629:0:0:1,A,[chrX:28843103[A,191,PASS,SVTYPE=BND;HOMLEN=2;HOMSEQ=AC;MATEID=sawfish:0:61629:0:0:0;gene_name=IL1RAPL1,GT:GQ:PL:AD,"0/1:224:224,0,999:66,9"
chrX,45336200,sawfish:0:52985:0:0:1,T,]chr18:73076289]T,160,PASS,SVTYPE=BND;MATEID=sawfish:0:52985:0:0:0,GT:GQ:PL:AD,"0/1:193:193,0,999:45,7"
chrX,45594442,sawfish:0:17610:0:0:1,A,]chr6:13755881]A,380,PASS,SVTYPE=BND;HOMLEN=4;HOMSEQ=AGGG;MATEID=sawfish:0:17610:0:0:0,GT:GQ:PL:AD,"0/1:413:413,0,999:97,15"
chrX,65393347,sawfish:0:10694:0:0:1,G,[chr3:191454286[G,868,PASS,SVTYPE=BND;HOMLEN=32;HOMSEQ=GGGTGGAGAGTTCTGCAGATGTCTATTAGGTC;MATEID=sawfish:0:10694:0:0:0,GT:GQ:PL:AD,"0/1:901:901,0,999:91,25"
chrX,66758442,sawfish:0:43420:0:0:1,A,]chr14:33252703]A,127,PASS,SVTYPE=BND;HOMLEN=1;HOMSEQ=A;MATEID=sawfish:0:43420:0:0:0;gene_name=OPHN1,GT:GQ:PL:AD,"0/1:160:160,0,999:56,7"
chrX,66761292,sawfish:0:44003:0:0:1,A,A[chr14:87338206[,726,PASS,SVTYPE=BND;MATEID=sawfish:0:44003:0:0:0;gene_name=OPHN1,GT:GQ:PL:AD,"0/1:759:759,0,999:60,20"
chrX,101553201,sawfish:0:57178:0:0:1,C,[chr21:312889[C,280,PASS,SVTYPE=BND;MATEID=sawfish:0:57178:0:0:0,GT:GQ:PL:AD,"0/1:313:313,0,999:99,13"
chrX,102338842,sawfish:0:62333:0:0:0,G,[chrX:102447010[G,159,PASS,SVTYPE=BND;MATEID=sawfish:0:62333:0:0:1;gene_name=TMSB15B-AS1,GT:GQ:PL:AD,"0/1:192:192,0,999:108,11"
chrX,102447010,sawfish:0:62333:0:0:1,A,[chrX:102338842[A,159,PASS,SVTYPE=BND;MATEID=sawfish:0:62333:0:0:0,GT:GQ:PL:AD,"0/1:192:192,0,999:108,11"
chrX,139329905,sawfish:0:62670:0:0:0,T,T]chrX:139895497],356,PASS,SVTYPE=BND;HOMLEN=1;HOMSEQ=A;MATEID=sawfish:0:62670:0:0:1,GT:GQ:PL:AD,"0/1:389:389,0,999:105,15"
chrX,139895496,sawfish:0:62670:0:0:1,A,A]chrX:139329906],356,PASS,SVTYPE=BND;HOMLEN=1;HOMSEQ=T;MATEID=sawfish:0:62670:0:0:0;gene_name=SPANXA2-OT1,GT:GQ:PL:AD,"0/1:389:389,0,999:105,15"
chrX,143692061,sawfish:0:17972:0:0:1,A,[chr6:32883879[A,336,PASS,SVTYPE=BND;HOMLEN=2;HOMSEQ=AG;MATEID=sawfish:0:17972:0:0:0,GT:GQ:PL:AD,"0/1:369:369,0,999:49,11"
chrX,145918372,sawfish:0:38012:0:0:1,T,[chr12:25495481[T,690,PASS,SVTYPE=BND;MATEID=sawfish:0:38012:0:0:0,GT:GQ:PL:AD,"0/1:723:723,0,999:72,20"
chrX,145924443,sawfish:0:38015:0:0:1,A,A]chr12:25495497],460,PASS,SVTYPE=BND;HOMLEN=2;HOMSEQ=AA;MATEID=sawfish:0:38015:0:0:0,GT:GQ:PL:AD,"0/1:493:493,0,999:86,16"
chrX,145924450,sawfish:0:22457:0:0:1,A,A]chr7:112911208],309,PASS,SVTYPE=BND;HOMLEN=3;HOMSEQ=AAA;MATEID=sawfish:0:22457:0:0:0,GT:GQ:PL:AD,"0/1:342:342,0,999:105,14"
chrX,147444828,sawfish:0:56593:0:0:1,T,T[chr20:45130385[,989,PASS,SVTYPE=BND;MATEID=sawfish:0:56593:0:0:0,GT:GQ:PL:AD,"0/1:999:999,0,999:82,27"
