#CHROM,POS,ID,REF,ALT,QUAL,FILTER,INFO,FORMAT,tumor_all_4_hifi_reads_pbmm2
chr1,121793965,ID_6948_1,g,.g,.,PASS,"SVTYPE=SBND;TUMOUR_READ_SUPPORT=2;TUMOUR_ALN_SUPPORT=2;NORMAL_READ_SUPPORT=0;NORMAL_ALN_SUPPORT=0;SVLEN=0;BP_NOTATION=-;SOURCE=SOFTCLIP;CLUSTERED_READS_TUMOUR=2;CLUSTERED_READS_NORMAL=0;ORIGIN_STARTS_STD_DEV=0;ORIGIN_MAPQ_MEAN=46.5;ORIGIN_EVENT_SIZE_STD_DEV=27.5;ORIGIN_EVENT_SIZE_MEDIAN=1359.5;ORIGIN_EVENT_SIZE_MEAN=1359.5;END_STARTS_STD_DEV=0;END_MAPQ_MEAN=46.5;END_EVENT_SIZE_STD_DEV=27.5;END_EVENT_SIZE_MEDIAN=1359.5;END_EVENT_SIZE_MEAN=1359.5;TUMOUR_DP_BEFORE=60,60;TUMOUR_DP_AT=66,66;TUMOUR_DP_AFTER=66,66;NORMAL_DP_BEFORE=31,31;NORMAL_DP_AT=34,34;NORMAL_DP_AFTER=34,34;TUMOUR_AF=0.03,0.03;NORMAL_AF=0,0;TUMOUR_TOTAL_HP_AT=0,0,66;NORMAL_TOTAL_HP_AT=0,0,34;TUMOUR_ALT_HP=0,0,2;NORMAL_ALT_HP=0,0,0;CLASS=SOMATIC",GT,0/1
chr1,236122486,ID_10792_1,A,.A,.,PASS,"SVTYPE=SBND;TUMOUR_READ_SUPPORT=2;TUMOUR_ALN_SUPPORT=2;NORMAL_READ_SUPPORT=0;NORMAL_ALN_SUPPORT=0;SVLEN=0;BP_NOTATION=-;SOURCE=SOFTCLIP;CLUSTERED_READS_TUMOUR=2;CLUSTERED_READS_NORMAL=0;ORIGIN_STARTS_STD_DEV=0;ORIGIN_MAPQ_MEAN=60;ORIGIN_EVENT_SIZE_STD_DEV=59;ORIGIN_EVENT_SIZE_MEDIAN=1804;ORIGIN_EVENT_SIZE_MEAN=1804;END_STARTS_STD_DEV=0;END_MAPQ_MEAN=60;END_EVENT_SIZE_STD_DEV=59;END_EVENT_SIZE_MEDIAN=1804;END_EVENT_SIZE_MEAN=1804;TUMOUR_DP_BEFORE=45,45;TUMOUR_DP_AT=47,47;TUMOUR_DP_AFTER=47,47;NORMAL_DP_BEFORE=23,23;NORMAL_DP_AT=23,23;NORMAL_DP_AFTER=23,23;TUMOUR_AF=0.043,0.043;NORMAL_AF=0,0;TUMOUR_TOTAL_HP_AT=0,0,47;NORMAL_TOTAL_HP_AT=0,0,23;TUMOUR_ALT_HP=0,0,2;NORMAL_ALT_HP=0,0,0;CLASS=SOMATIC;gene_name=ACTN2",GT,0/1
chr2,34788126,ID_30671_1,T,.T,.,PASS,"SVTYPE=SBND;TUMOUR_READ_SUPPORT=2;TUMOUR_ALN_SUPPORT=2;NORMAL_READ_SUPPORT=0;NORMAL_ALN_SUPPORT=0;SVLEN=0;BP_NOTATION=-;SOURCE=SOFTCLIP;CLUSTERED_READS_TUMOUR=2;CLUSTERED_READS_NORMAL=0;ORIGIN_STARTS_STD_DEV=0;ORIGIN_MAPQ_MEAN=60;ORIGIN_EVENT_SIZE_STD_DEV=44;ORIGIN_EVENT_SIZE_MEDIAN=1118;ORIGIN_EVENT_SIZE_MEAN=1118;END_STARTS_STD_DEV=0;END_MAPQ_MEAN=60;END_EVENT_SIZE_STD_DEV=44;END_EVENT_SIZE_MEDIAN=1118;END_EVENT_SIZE_MEAN=1118;TUMOUR_DP_BEFORE=57,57;TUMOUR_DP_AT=60,60;TUMOUR_DP_AFTER=60,60;NORMAL_DP_BEFORE=36,36;NORMAL_DP_AT=38,38;NORMAL_DP_AFTER=38,38;TUMOUR_AF=0.033,0.033;NORMAL_AF=0,0;TUMOUR_TOTAL_HP_AT=0,0,60;NORMAL_TOTAL_HP_AT=0,0,38;TUMOUR_ALT_HP=0,0,2;NORMAL_ALT_HP=0,0,0;CLASS=SOMATIC",GT,0/1
chr3,95354813,ID_2216_1,c,.c,.,PASS,"SVTYPE=SBND;TUMOUR_READ_SUPPORT=2;TUMOUR_ALN_SUPPORT=2;NORMAL_READ_SUPPORT=0;NORMAL_ALN_SUPPORT=0;SVLEN=0;BP_NOTATION=-;SOURCE=SOFTCLIP;CLUSTERED_READS_TUMOUR=3;CLUSTERED_READS_NORMAL=0;ORIGIN_STARTS_STD_DEV=2.5;ORIGIN_MAPQ_MEAN=50.5;ORIGIN_EVENT_SIZE_STD_DEV=23.5;ORIGIN_EVENT_SIZE_MEDIAN=2152.5;ORIGIN_EVENT_SIZE_MEAN=2152.5;END_STARTS_STD_DEV=2.5;END_MAPQ_MEAN=50.5;END_EVENT_SIZE_STD_DEV=23.5;END_EVENT_SIZE_MEDIAN=2152.5;END_EVENT_SIZE_MEAN=2152.5;TUMOUR_DP_BEFORE=71,71;TUMOUR_DP_AT=75,75;TUMOUR_DP_AFTER=76,76;NORMAL_DP_BEFORE=35,35;NORMAL_DP_AT=35,35;NORMAL_DP_AFTER=35,35;TUMOUR_AF=0.027,0.027;NORMAL_AF=0,0;TUMOUR_TOTAL_HP_AT=0,0,75;NORMAL_TOTAL_HP_AT=0,0,35;TUMOUR_ALT_HP=0,0,2;NORMAL_ALT_HP=0,0,0;CLASS=SOMATIC",GT,0/1
chr3,186281191,ID_3698_1,c,.c,.,PASS,"SVTYPE=SBND;TUMOUR_READ_SUPPORT=2;TUMOUR_ALN_SUPPORT=2;NORMAL_READ_SUPPORT=0;NORMAL_ALN_SUPPORT=0;SVLEN=0;BP_NOTATION=-;SOURCE=SOFTCLIP;CLUSTERED_READS_TUMOUR=2;CLUSTERED_READS_NORMAL=0;ORIGIN_STARTS_STD_DEV=0;ORIGIN_MAPQ_MEAN=60;ORIGIN_EVENT_SIZE_STD_DEV=17;ORIGIN_EVENT_SIZE_MEDIAN=1197;ORIGIN_EVENT_SIZE_MEAN=1197;END_STARTS_STD_DEV=0;END_MAPQ_MEAN=60;END_EVENT_SIZE_STD_DEV=17;END_EVENT_SIZE_MEDIAN=1197;END_EVENT_SIZE_MEAN=1197;TUMOUR_DP_BEFORE=50,50;TUMOUR_DP_AT=57,57;TUMOUR_DP_AFTER=57,57;NORMAL_DP_BEFORE=31,31;NORMAL_DP_AT=32,32;NORMAL_DP_AFTER=32,32;TUMOUR_AF=0.035,0.035;NORMAL_AF=0,0;TUMOUR_TOTAL_HP_AT=0,0,57;NORMAL_TOTAL_HP_AT=0,0,32;TUMOUR_ALT_HP=0,0,2;NORMAL_ALT_HP=0,0,0;CLASS=SOMATIC",GT,0/1
chr4,37554620,ID_83691_1,a,.a,.,PASS,"SVTYPE=SBND;TUMOUR_READ_SUPPORT=2;TUMOUR_ALN_SUPPORT=2;NORMAL_READ_SUPPORT=0;NORMAL_ALN_SUPPORT=0;SVLEN=0;BP_NOTATION=-;SOURCE=SOFTCLIP;CLUSTERED_READS_TUMOUR=2;CLUSTERED_READS_NORMAL=0;ORIGIN_STARTS_STD_DEV=0;ORIGIN_MAPQ_MEAN=60;ORIGIN_EVENT_SIZE_STD_DEV=12.5;ORIGIN_EVENT_SIZE_MEDIAN=1085.5;ORIGIN_EVENT_SIZE_MEAN=1085.5;END_STARTS_STD_DEV=0;END_MAPQ_MEAN=60;END_EVENT_SIZE_STD_DEV=12.5;END_EVENT_SIZE_MEDIAN=1085.5;END_EVENT_SIZE_MEAN=1085.5;TUMOUR_DP_BEFORE=38,38;TUMOUR_DP_AT=44,44;TUMOUR_DP_AFTER=44,44;NORMAL_DP_BEFORE=22,22;NORMAL_DP_AT=26,26;NORMAL_DP_AFTER=26,26;TUMOUR_AF=0.045,0.045;NORMAL_AF=0,0;TUMOUR_TOTAL_HP_AT=0,0,44;NORMAL_TOTAL_HP_AT=0,0,26;TUMOUR_ALT_HP=0,0,2;NORMAL_ALT_HP=0,0,0;CLASS=SOMATIC;gene_name=C4orf19",GT,0/1
chr4,57164883,ID_86137_1,c,.c,.,PASS,"SVTYPE=SBND;TUMOUR_READ_SUPPORT=2;TUMOUR_ALN_SUPPORT=2;NORMAL_READ_SUPPORT=0;NORMAL_ALN_SUPPORT=0;SVLEN=0;BP_NOTATION=-;SOURCE=SOFTCLIP;CLUSTERED_READS_TUMOUR=2;CLUSTERED_READS_NORMAL=0;ORIGIN_STARTS_STD_DEV=0;ORIGIN_MAPQ_MEAN=60;ORIGIN_EVENT_SIZE_STD_DEV=58.5;ORIGIN_EVENT_SIZE_MEDIAN=1950.5;ORIGIN_EVENT_SIZE_MEAN=1950.5;END_STARTS_STD_DEV=0;END_MAPQ_MEAN=60;END_EVENT_SIZE_STD_DEV=58.5;END_EVENT_SIZE_MEDIAN=1950.5;END_EVENT_SIZE_MEAN=1950.5;TUMOUR_DP_BEFORE=60,60;TUMOUR_DP_AT=68,68;TUMOUR_DP_AFTER=68,68;NORMAL_DP_BEFORE=24,24;NORMAL_DP_AT=26,26;NORMAL_DP_AFTER=26,26;TUMOUR_AF=0.029,0.029;NORMAL_AF=0,0;TUMOUR_TOTAL_HP_AT=0,0,68;NORMAL_TOTAL_HP_AT=0,0,26;TUMOUR_ALT_HP=0,0,2;NORMAL_ALT_HP=0,0,0;CLASS=SOMATIC",GT,0/1
chr6,26767389,ID_79032_1,C,.C,.,PASS,"SVTYPE=SBND;TUMOUR_READ_SUPPORT=3;TUMOUR_ALN_SUPPORT=3;NORMAL_READ_SUPPORT=0;NORMAL_ALN_SUPPORT=0;SVLEN=0;BP_NOTATION=-;SOURCE=SOFTCLIP;CLUSTERED_READS_TUMOUR=3;CLUSTERED_READS_NORMAL=0;ORIGIN_STARTS_STD_DEV=0;ORIGIN_MAPQ_MEAN=60;ORIGIN_EVENT_SIZE_STD_DEV=47.486;ORIGIN_EVENT_SIZE_MEDIAN=1723;ORIGIN_EVENT_SIZE_MEAN=1696.67;END_STARTS_STD_DEV=0;END_MAPQ_MEAN=60;END_EVENT_SIZE_STD_DEV=47.486;END_EVENT_SIZE_MEDIAN=1723;END_EVENT_SIZE_MEAN=1696.67;TUMOUR_DP_BEFORE=47,47;TUMOUR_DP_AT=54,54;TUMOUR_DP_AFTER=54,54;NORMAL_DP_BEFORE=21,21;NORMAL_DP_AT=22,22;NORMAL_DP_AFTER=22,22;TUMOUR_AF=0.056,0.056;NORMAL_AF=0,0;TUMOUR_TOTAL_HP_AT=0,0,54;NORMAL_TOTAL_HP_AT=0,0,22;TUMOUR_ALT_HP=0,0,3;NORMAL_ALT_HP=0,0,0;CLASS=SOMATIC;gene_name=GUSBP2",GT,0/1
chr6,29558038,ID_79116_1,t,.t,.,PASS,"SVTYPE=SBND;TUMOUR_READ_SUPPORT=2;TUMOUR_ALN_SUPPORT=2;NORMAL_READ_SUPPORT=0;NORMAL_ALN_SUPPORT=0;SVLEN=0;BP_NOTATION=-;SOURCE=SOFTCLIP;CLUSTERED_READS_TUMOUR=2;CLUSTERED_READS_NORMAL=0;ORIGIN_STARTS_STD_DEV=0;ORIGIN_MAPQ_MEAN=60;ORIGIN_EVENT_SIZE_STD_DEV=28;ORIGIN_EVENT_SIZE_MEDIAN=1076;ORIGIN_EVENT_SIZE_MEAN=1076;END_STARTS_STD_DEV=0;END_MAPQ_MEAN=60;END_EVENT_SIZE_STD_DEV=28;END_EVENT_SIZE_MEDIAN=1076;END_EVENT_SIZE_MEAN=1076;TUMOUR_DP_BEFORE=59,59;TUMOUR_DP_AT=62,62;TUMOUR_DP_AFTER=62,62;NORMAL_DP_BEFORE=23,23;NORMAL_DP_AT=23,23;NORMAL_DP_AFTER=23,23;TUMOUR_AF=0.032,0.032;NORMAL_AF=0,0;TUMOUR_TOTAL_HP_AT=0,0,62;NORMAL_TOTAL_HP_AT=0,0,23;TUMOUR_ALT_HP=0,0,2;NORMAL_ALT_HP=0,0,0;CLASS=SOMATIC",GT,0/1
chr6,41725737,ID_79606_1,a,.a,.,PASS,"SVTYPE=SBND;TUMOUR_READ_SUPPORT=2;TUMOUR_ALN_SUPPORT=2;NORMAL_READ_SUPPORT=0;NORMAL_ALN_SUPPORT=0;SVLEN=0;BP_NOTATION=+;SOURCE=SOFTCLIP;CLUSTERED_READS_TUMOUR=2;CLUSTERED_READS_NORMAL=0;ORIGIN_STARTS_STD_DEV=1;ORIGIN_MAPQ_MEAN=60;ORIGIN_EVENT_SIZE_STD_DEV=26.5;ORIGIN_EVENT_SIZE_MEDIAN=1049.5;ORIGIN_EVENT_SIZE_MEAN=1049.5;END_STARTS_STD_DEV=1;END_MAPQ_MEAN=60;END_EVENT_SIZE_STD_DEV=26.5;END_EVENT_SIZE_MEDIAN=1049.5;END_EVENT_SIZE_MEAN=1049.5;TUMOUR_DP_BEFORE=50,50;TUMOUR_DP_AT=48,48;TUMOUR_DP_AFTER=47,47;NORMAL_DP_BEFORE=28,28;NORMAL_DP_AT=27,27;NORMAL_DP_AFTER=27,27;TUMOUR_AF=0.042,0.042;NORMAL_AF=0,0;TUMOUR_TOTAL_HP_AT=0,0,48;NORMAL_TOTAL_HP_AT=0,0,27;TUMOUR_ALT_HP=0,0,2;NORMAL_ALT_HP=0,0,0;CLASS=SOMATIC",GT,0/1
chr6,47347233,ID_79709_1,c,.c,.,PASS,"SVTYPE=SBND;TUMOUR_READ_SUPPORT=2;TUMOUR_ALN_SUPPORT=2;NORMAL_READ_SUPPORT=0;NORMAL_ALN_SUPPORT=0;SVLEN=0;BP_NOTATION=-;SOURCE=SOFTCLIP;CLUSTERED_READS_TUMOUR=2;CLUSTERED_READS_NORMAL=0;ORIGIN_STARTS_STD_DEV=0;ORIGIN_MAPQ_MEAN=60;ORIGIN_EVENT_SIZE_STD_DEV=59.5;ORIGIN_EVENT_SIZE_MEDIAN=1411.5;ORIGIN_EVENT_SIZE_MEAN=1411.5;END_STARTS_STD_DEV=0;END_MAPQ_MEAN=60;END_EVENT_SIZE_STD_DEV=59.5;END_EVENT_SIZE_MEDIAN=1411.5;END_EVENT_SIZE_MEAN=1411.5;TUMOUR_DP_BEFORE=48,48;TUMOUR_DP_AT=54,54;TUMOUR_DP_AFTER=54,54;NORMAL_DP_BEFORE=26,26;NORMAL_DP_AT=26,26;NORMAL_DP_AFTER=26,26;TUMOUR_AF=0.037,0.037;NORMAL_AF=0,0;TUMOUR_TOTAL_HP_AT=0,0,54;NORMAL_TOTAL_HP_AT=0,0,26;TUMOUR_ALT_HP=0,0,2;NORMAL_ALT_HP=0,0,0;CLASS=SOMATIC;gene_name=CD2AP",GT,0/1
chr6,62587548,ID_80099_1,a,.a,.,PASS,"SVTYPE=SBND;TUMOUR_READ_SUPPORT=2;TUMOUR_ALN_SUPPORT=2;NORMAL_READ_SUPPORT=0;NORMAL_ALN_SUPPORT=0;SVLEN=0;BP_NOTATION=+;SOURCE=SOFTCLIP;CLUSTERED_READS_TUMOUR=2;CLUSTERED_READS_NORMAL=0;ORIGIN_STARTS_STD_DEV=0;ORIGIN_MAPQ_MEAN=60;ORIGIN_EVENT_SIZE_STD_DEV=52;ORIGIN_EVENT_SIZE_MEDIAN=1093;ORIGIN_EVENT_SIZE_MEAN=1093;END_STARTS_STD_DEV=0;END_MAPQ_MEAN=60;END_EVENT_SIZE_STD_DEV=52;END_EVENT_SIZE_MEDIAN=1093;END_EVENT_SIZE_MEAN=1093;TUMOUR_DP_BEFORE=70,70;TUMOUR_DP_AT=68,68;TUMOUR_DP_AFTER=68,68;NORMAL_DP_BEFORE=43,43;NORMAL_DP_AT=43,43;NORMAL_DP_AFTER=43,43;TUMOUR_AF=0.029,0.029;NORMAL_AF=0,0;TUMOUR_TOTAL_HP_AT=0,0,68;NORMAL_TOTAL_HP_AT=0,0,43;TUMOUR_ALT_HP=0,0,2;NORMAL_ALT_HP=0,0,0;CLASS=SOMATIC",GT,0/1
chr7,134307251,ID_39565_1,a,.a,.,PASS,"SVTYPE=SBND;TUMOUR_READ_SUPPORT=2;TUMOUR_ALN_SUPPORT=2;NORMAL_READ_SUPPORT=0;NORMAL_ALN_SUPPORT=0;SVLEN=0;BP_NOTATION=-;SOURCE=SOFTCLIP;CLUSTERED_READS_TUMOUR=2;CLUSTERED_READS_NORMAL=0;ORIGIN_STARTS_STD_DEV=0;ORIGIN_MAPQ_MEAN=60;ORIGIN_EVENT_SIZE_STD_DEV=35.5;ORIGIN_EVENT_SIZE_MEDIAN=1151.5;ORIGIN_EVENT_SIZE_MEAN=1151.5;END_STARTS_STD_DEV=0;END_MAPQ_MEAN=60;END_EVENT_SIZE_STD_DEV=35.5;END_EVENT_SIZE_MEDIAN=1151.5;END_EVENT_SIZE_MEAN=1151.5;TUMOUR_DP_BEFORE=52,52;TUMOUR_DP_AT=55,55;TUMOUR_DP_AFTER=55,55;NORMAL_DP_BEFORE=36,36;NORMAL_DP_AT=36,36;NORMAL_DP_AFTER=36,36;TUMOUR_AF=0.036,0.036;NORMAL_AF=0,0;TUMOUR_TOTAL_HP_AT=0,0,55;NORMAL_TOTAL_HP_AT=0,0,36;TUMOUR_ALT_HP=0,0,2;NORMAL_ALT_HP=0,0,0;CLASS=SOMATIC;gene_name=CHCHD3",GT,0/1
chr8,23825203,ID_46021_1,T,.T,.,PASS,"SVTYPE=SBND;TUMOUR_READ_SUPPORT=2;TUMOUR_ALN_SUPPORT=2;NORMAL_READ_SUPPORT=0;NORMAL_ALN_SUPPORT=0;SVLEN=0;BP_NOTATION=-;SOURCE=SOFTCLIP;CLUSTERED_READS_TUMOUR=2;CLUSTERED_READS_NORMAL=0;ORIGIN_STARTS_STD_DEV=0;ORIGIN_MAPQ_MEAN=60;ORIGIN_EVENT_SIZE_STD_DEV=46;ORIGIN_EVENT_SIZE_MEDIAN=1072;ORIGIN_EVENT_SIZE_MEAN=1072;END_STARTS_STD_DEV=0;END_MAPQ_MEAN=60;END_EVENT_SIZE_STD_DEV=46;END_EVENT_SIZE_MEDIAN=1072;END_EVENT_SIZE_MEAN=1072;TUMOUR_DP_BEFORE=46,46;TUMOUR_DP_AT=49,49;TUMOUR_DP_AFTER=49,49;NORMAL_DP_BEFORE=23,23;NORMAL_DP_AT=26,26;NORMAL_DP_AFTER=26,26;TUMOUR_AF=0.041,0.041;NORMAL_AF=0,0;TUMOUR_TOTAL_HP_AT=0,0,49;NORMAL_TOTAL_HP_AT=0,0,26;TUMOUR_ALT_HP=0,0,2;NORMAL_ALT_HP=0,0,0;CLASS=SOMATIC;gene_name=SLC25A37",GT,0/1
chr9,50969779,ID_17980_1,t,.t,.,PASS,"SVTYPE=SBND;TUMOUR_READ_SUPPORT=2;TUMOUR_ALN_SUPPORT=2;NORMAL_READ_SUPPORT=0;NORMAL_ALN_SUPPORT=0;SVLEN=0;BP_NOTATION=+;SOURCE=SOFTCLIP;CLUSTERED_READS_TUMOUR=2;CLUSTERED_READS_NORMAL=0;ORIGIN_STARTS_STD_DEV=0;ORIGIN_MAPQ_MEAN=60;ORIGIN_EVENT_SIZE_STD_DEV=34.5;ORIGIN_EVENT_SIZE_MEDIAN=1495.5;ORIGIN_EVENT_SIZE_MEAN=1495.5;END_STARTS_STD_DEV=0;END_MAPQ_MEAN=60;END_EVENT_SIZE_STD_DEV=34.5;END_EVENT_SIZE_MEDIAN=1495.5;END_EVENT_SIZE_MEAN=1495.5;TUMOUR_DP_BEFORE=12,12;TUMOUR_DP_AT=10,10;TUMOUR_DP_AFTER=10,10;NORMAL_DP_BEFORE=9,9;NORMAL_DP_AT=9,9;NORMAL_DP_AFTER=9,9;TUMOUR_AF=0.2,0.2;NORMAL_AF=0,0;TUMOUR_TOTAL_HP_AT=0,0,10;NORMAL_TOTAL_HP_AT=0,0,9;TUMOUR_ALT_HP=0,0,2;NORMAL_ALT_HP=0,0,0;CLASS=SOMATIC",GT,0/1
chr9,72955901,ID_23457_1,a,.a,.,PASS,"SVTYPE=SBND;TUMOUR_READ_SUPPORT=2;TUMOUR_ALN_SUPPORT=2;NORMAL_READ_SUPPORT=0;NORMAL_ALN_SUPPORT=0;SVLEN=0;BP_NOTATION=+;SOURCE=SOFTCLIP;CLUSTERED_READS_TUMOUR=4;CLUSTERED_READS_NORMAL=0;ORIGIN_STARTS_STD_DEV=0;ORIGIN_MAPQ_MEAN=45.5;ORIGIN_EVENT_SIZE_STD_DEV=25;ORIGIN_EVENT_SIZE_MEDIAN=1126;ORIGIN_EVENT_SIZE_MEAN=1126;END_STARTS_STD_DEV=0;END_MAPQ_MEAN=45.5;END_EVENT_SIZE_STD_DEV=25;END_EVENT_SIZE_MEDIAN=1126;END_EVENT_SIZE_MEAN=1126;TUMOUR_DP_BEFORE=51,51;TUMOUR_DP_AT=49,49;TUMOUR_DP_AFTER=49,49;NORMAL_DP_BEFORE=15,15;NORMAL_DP_AT=14,14;NORMAL_DP_AFTER=14,14;TUMOUR_AF=0.041,0.041;NORMAL_AF=0,0;TUMOUR_TOTAL_HP_AT=0,0,49;NORMAL_TOTAL_HP_AT=0,0,14;TUMOUR_ALT_HP=0,0,2;NORMAL_ALT_HP=0,0,0;CLASS=SOMATIC",GT,0/1
chr9,73821496,ID_24722_1,c,.c,.,PASS,"SVTYPE=SBND;TUMOUR_READ_SUPPORT=2;TUMOUR_ALN_SUPPORT=2;NORMAL_READ_SUPPORT=0;NORMAL_ALN_SUPPORT=0;SVLEN=0;BP_NOTATION=-;SOURCE=SOFTCLIP;CLUSTERED_READS_TUMOUR=2;CLUSTERED_READS_NORMAL=0;ORIGIN_STARTS_STD_DEV=0;ORIGIN_MAPQ_MEAN=41;ORIGIN_EVENT_SIZE_STD_DEV=0;ORIGIN_EVENT_SIZE_MEDIAN=1252;ORIGIN_EVENT_SIZE_MEAN=1252;END_STARTS_STD_DEV=0;END_MAPQ_MEAN=41;END_EVENT_SIZE_STD_DEV=0;END_EVENT_SIZE_MEDIAN=1252;END_EVENT_SIZE_MEAN=1252;TUMOUR_DP_BEFORE=23,23;TUMOUR_DP_AT=26,26;TUMOUR_DP_AFTER=26,26;NORMAL_DP_BEFORE=14,14;NORMAL_DP_AT=15,15;NORMAL_DP_AFTER=15,15;TUMOUR_AF=0.077,0.077;NORMAL_AF=0,0;TUMOUR_TOTAL_HP_AT=0,0,26;NORMAL_TOTAL_HP_AT=0,0,15;TUMOUR_ALT_HP=0,0,2;NORMAL_ALT_HP=0,0,0;CLASS=SOMATIC",GT,0/1
chr9,75411448,ID_27042_1,c,.c,.,PASS,"SVTYPE=SBND;TUMOUR_READ_SUPPORT=2;TUMOUR_ALN_SUPPORT=2;NORMAL_READ_SUPPORT=0;NORMAL_ALN_SUPPORT=0;SVLEN=0;BP_NOTATION=-;SOURCE=SOFTCLIP;CLUSTERED_READS_TUMOUR=6;CLUSTERED_READS_NORMAL=1;ORIGIN_STARTS_STD_DEV=0;ORIGIN_MAPQ_MEAN=44;ORIGIN_EVENT_SIZE_STD_DEV=14;ORIGIN_EVENT_SIZE_MEDIAN=1429;ORIGIN_EVENT_SIZE_MEAN=1429;END_STARTS_STD_DEV=0;END_MAPQ_MEAN=44;END_EVENT_SIZE_STD_DEV=14;END_EVENT_SIZE_MEDIAN=1429;END_EVENT_SIZE_MEAN=1429;TUMOUR_DP_BEFORE=18,18;TUMOUR_DP_AT=22,22;TUMOUR_DP_AFTER=22,22;NORMAL_DP_BEFORE=4,4;NORMAL_DP_AT=5,5;NORMAL_DP_AFTER=5,5;TUMOUR_AF=0.091,0.091;NORMAL_AF=0,0;TUMOUR_TOTAL_HP_AT=0,0,22;NORMAL_TOTAL_HP_AT=0,0,5;TUMOUR_ALT_HP=0,0,2;NORMAL_ALT_HP=0,0,0;CLASS=SOMATIC",GT,0/1
chr9,75411610,ID_27043_1,g,.g,.,PASS,"SVTYPE=SBND;TUMOUR_READ_SUPPORT=2;TUMOUR_ALN_SUPPORT=2;NORMAL_READ_SUPPORT=0;NORMAL_ALN_SUPPORT=0;SVLEN=0;BP_NOTATION=+;SOURCE=SOFTCLIP;CLUSTERED_READS_TUMOUR=6;CLUSTERED_READS_NORMAL=1;ORIGIN_STARTS_STD_DEV=0;ORIGIN_MAPQ_MEAN=46.5;ORIGIN_EVENT_SIZE_STD_DEV=18.5;ORIGIN_EVENT_SIZE_MEDIAN=1917.5;ORIGIN_EVENT_SIZE_MEAN=1917.5;END_STARTS_STD_DEV=0;END_MAPQ_MEAN=46.5;END_EVENT_SIZE_STD_DEV=18.5;END_EVENT_SIZE_MEDIAN=1917.5;END_EVENT_SIZE_MEAN=1917.5;TUMOUR_DP_BEFORE=23,23;TUMOUR_DP_AT=20,20;TUMOUR_DP_AFTER=20,20;NORMAL_DP_BEFORE=6,6;NORMAL_DP_AT=5,5;NORMAL_DP_AFTER=5,5;TUMOUR_AF=0.1,0.1;NORMAL_AF=0,0;TUMOUR_TOTAL_HP_AT=0,0,20;NORMAL_TOTAL_HP_AT=0,0,5;TUMOUR_ALT_HP=0,0,2;NORMAL_ALT_HP=0,0,0;CLASS=SOMATIC",GT,0/1
chr9,75962314,ID_27534_1,c,.c,.,PASS,"SVTYPE=SBND;TUMOUR_READ_SUPPORT=2;TUMOUR_ALN_SUPPORT=2;NORMAL_READ_SUPPORT=0;NORMAL_ALN_SUPPORT=0;SVLEN=0;BP_NOTATION=-;SOURCE=SOFTCLIP;CLUSTERED_READS_TUMOUR=2;CLUSTERED_READS_NORMAL=1;ORIGIN_STARTS_STD_DEV=0;ORIGIN_MAPQ_MEAN=55.5;ORIGIN_EVENT_SIZE_STD_DEV=6;ORIGIN_EVENT_SIZE_MEDIAN=1069;ORIGIN_EVENT_SIZE_MEAN=1069;END_STARTS_STD_DEV=0;END_MAPQ_MEAN=55.5;END_EVENT_SIZE_STD_DEV=6;END_EVENT_SIZE_MEDIAN=1069;END_EVENT_SIZE_MEAN=1069;TUMOUR_DP_BEFORE=8,8;TUMOUR_DP_AT=11,11;TUMOUR_DP_AFTER=11,11;NORMAL_DP_BEFORE=5,5;NORMAL_DP_AT=6,6;NORMAL_DP_AFTER=6,6;TUMOUR_AF=0.182,0.182;NORMAL_AF=0,0;TUMOUR_TOTAL_HP_AT=0,0,11;NORMAL_TOTAL_HP_AT=0,0,6;TUMOUR_ALT_HP=0,0,2;NORMAL_ALT_HP=0,0,0;CLASS=SOMATIC",GT,0/1
chr10,5253127,ID_74006_1,a,.a,.,PASS,"SVTYPE=SBND;TUMOUR_READ_SUPPORT=2;TUMOUR_ALN_SUPPORT=2;NORMAL_READ_SUPPORT=0;NORMAL_ALN_SUPPORT=0;SVLEN=0;BP_NOTATION=-;SOURCE=SOFTCLIP;CLUSTERED_READS_TUMOUR=2;CLUSTERED_READS_NORMAL=0;ORIGIN_STARTS_STD_DEV=0;ORIGIN_MAPQ_MEAN=60;ORIGIN_EVENT_SIZE_STD_DEV=38;ORIGIN_EVENT_SIZE_MEDIAN=1549;ORIGIN_EVENT_SIZE_MEAN=1549;END_STARTS_STD_DEV=0;END_MAPQ_MEAN=60;END_EVENT_SIZE_STD_DEV=38;END_EVENT_SIZE_MEDIAN=1549;END_EVENT_SIZE_MEAN=1549;TUMOUR_DP_BEFORE=61,61;TUMOUR_DP_AT=68,68;TUMOUR_DP_AFTER=68,68;NORMAL_DP_BEFORE=29,29;NORMAL_DP_AT=31,31;NORMAL_DP_AFTER=31,31;TUMOUR_AF=0.029,0.029;NORMAL_AF=0,0;TUMOUR_TOTAL_HP_AT=0,0,68;NORMAL_TOTAL_HP_AT=0,0,31;TUMOUR_ALT_HP=0,0,2;NORMAL_ALT_HP=0,0,0;CLASS=SOMATIC",GT,0/1
chr10,125387277,ID_77842_1,C,.C,.,PASS,"SVTYPE=SBND;TUMOUR_READ_SUPPORT=2;TUMOUR_ALN_SUPPORT=2;NORMAL_READ_SUPPORT=0;NORMAL_ALN_SUPPORT=0;SVLEN=0;BP_NOTATION=-;SOURCE=SOFTCLIP;CLUSTERED_READS_TUMOUR=9;CLUSTERED_READS_NORMAL=2;ORIGIN_STARTS_STD_DEV=0;ORIGIN_MAPQ_MEAN=60;ORIGIN_EVENT_SIZE_STD_DEV=0;ORIGIN_EVENT_SIZE_MEDIAN=1049;ORIGIN_EVENT_SIZE_MEAN=1049;END_STARTS_STD_DEV=0;END_MAPQ_MEAN=60;END_EVENT_SIZE_STD_DEV=0;END_EVENT_SIZE_MEDIAN=1049;END_EVENT_SIZE_MEAN=1049;TUMOUR_DP_BEFORE=63,63;TUMOUR_DP_AT=69,69;TUMOUR_DP_AFTER=69,69;NORMAL_DP_BEFORE=27,27;NORMAL_DP_AT=30,30;NORMAL_DP_AFTER=30,30;TUMOUR_AF=0.029,0.029;NORMAL_AF=0,0;TUMOUR_TOTAL_HP_AT=0,0,69;NORMAL_TOTAL_HP_AT=0,0,30;TUMOUR_ALT_HP=0,0,2;NORMAL_ALT_HP=0,0,0;CLASS=SOMATIC;gene_name=LHPP",GT,0/1
chr11,9131850,ID_49136_1,T,.T,.,PASS,"SVTYPE=SBND;TUMOUR_READ_SUPPORT=3;TUMOUR_ALN_SUPPORT=3;NORMAL_READ_SUPPORT=0;NORMAL_ALN_SUPPORT=0;SVLEN=0;BP_NOTATION=-;SOURCE=SOFTCLIP;CLUSTERED_READS_TUMOUR=3;CLUSTERED_READS_NORMAL=0;ORIGIN_STARTS_STD_DEV=0;ORIGIN_MAPQ_MEAN=60;ORIGIN_EVENT_SIZE_STD_DEV=41.875;ORIGIN_EVENT_SIZE_MEDIAN=1115;ORIGIN_EVENT_SIZE_MEAN=1137.33;END_STARTS_STD_DEV=0;END_MAPQ_MEAN=60;END_EVENT_SIZE_STD_DEV=41.875;END_EVENT_SIZE_MEDIAN=1115;END_EVENT_SIZE_MEAN=1137.33;TUMOUR_DP_BEFORE=54,54;TUMOUR_DP_AT=67,67;TUMOUR_DP_AFTER=67,67;NORMAL_DP_BEFORE=25,25;NORMAL_DP_AT=25,25;NORMAL_DP_AFTER=25,25;TUMOUR_AF=0.045,0.045;NORMAL_AF=0,0;TUMOUR_TOTAL_HP_AT=0,0,67;NORMAL_TOTAL_HP_AT=0,0,25;TUMOUR_ALT_HP=0,0,3;NORMAL_ALT_HP=0,0,0;CLASS=SOMATIC;gene_name=SCUBE2",GT,0/1
chr11,10356778,ID_49164_1,G,.G,.,PASS,"SVTYPE=SBND;TUMOUR_READ_SUPPORT=2;TUMOUR_ALN_SUPPORT=2;NORMAL_READ_SUPPORT=0;NORMAL_ALN_SUPPORT=0;SVLEN=0;BP_NOTATION=-;SOURCE=SOFTCLIP;CLUSTERED_READS_TUMOUR=2;CLUSTERED_READS_NORMAL=0;ORIGIN_STARTS_STD_DEV=0;ORIGIN_MAPQ_MEAN=60;ORIGIN_EVENT_SIZE_STD_DEV=19;ORIGIN_EVENT_SIZE_MEDIAN=1477;ORIGIN_EVENT_SIZE_MEAN=1477;END_STARTS_STD_DEV=0;END_MAPQ_MEAN=60;END_EVENT_SIZE_STD_DEV=19;END_EVENT_SIZE_MEDIAN=1477;END_EVENT_SIZE_MEAN=1477;TUMOUR_DP_BEFORE=57,57;TUMOUR_DP_AT=60,60;TUMOUR_DP_AFTER=60,60;NORMAL_DP_BEFORE=24,24;NORMAL_DP_AT=26,26;NORMAL_DP_AFTER=26,26;TUMOUR_AF=0.033,0.033;NORMAL_AF=0,0;TUMOUR_TOTAL_HP_AT=0,0,60;NORMAL_TOTAL_HP_AT=0,0,26;TUMOUR_ALT_HP=0,0,2;NORMAL_ALT_HP=0,0,0;CLASS=SOMATIC;gene_name=SBF2",GT,0/1
chr11,43115196,ID_49697_1,T,.T,.,PASS,"SVTYPE=SBND;TUMOUR_READ_SUPPORT=2;TUMOUR_ALN_SUPPORT=2;NORMAL_READ_SUPPORT=0;NORMAL_ALN_SUPPORT=0;SVLEN=0;BP_NOTATION=-;SOURCE=SOFTCLIP;CLUSTERED_READS_TUMOUR=2;CLUSTERED_READS_NORMAL=1;ORIGIN_STARTS_STD_DEV=0;ORIGIN_MAPQ_MEAN=60;ORIGIN_EVENT_SIZE_STD_DEV=21.5;ORIGIN_EVENT_SIZE_MEDIAN=1114.5;ORIGIN_EVENT_SIZE_MEAN=1114.5;END_STARTS_STD_DEV=0;END_MAPQ_MEAN=60;END_EVENT_SIZE_STD_DEV=21.5;END_EVENT_SIZE_MEDIAN=1114.5;END_EVENT_SIZE_MEAN=1114.5;TUMOUR_DP_BEFORE=49,49;TUMOUR_DP_AT=52,52;TUMOUR_DP_AFTER=52,52;NORMAL_DP_BEFORE=32,32;NORMAL_DP_AT=35,35;NORMAL_DP_AFTER=35,35;TUMOUR_AF=0.038,0.038;NORMAL_AF=0,0;TUMOUR_TOTAL_HP_AT=0,0,52;NORMAL_TOTAL_HP_AT=0,0,35;TUMOUR_ALT_HP=0,0,2;NORMAL_ALT_HP=0,0,0;CLASS=SOMATIC",GT,0/1
chr11,129180873,ID_51877_1,A,.A,.,PASS,"SVTYPE=SBND;TUMOUR_READ_SUPPORT=2;TUMOUR_ALN_SUPPORT=2;NORMAL_READ_SUPPORT=0;NORMAL_ALN_SUPPORT=0;SVLEN=0;BP_NOTATION=-;SOURCE=SOFTCLIP;CLUSTERED_READS_TUMOUR=2;CLUSTERED_READS_NORMAL=0;ORIGIN_STARTS_STD_DEV=0;ORIGIN_MAPQ_MEAN=60;ORIGIN_EVENT_SIZE_STD_DEV=47;ORIGIN_EVENT_SIZE_MEDIAN=1079;ORIGIN_EVENT_SIZE_MEAN=1079;END_STARTS_STD_DEV=0;END_MAPQ_MEAN=60;END_EVENT_SIZE_STD_DEV=47;END_EVENT_SIZE_MEDIAN=1079;END_EVENT_SIZE_MEAN=1079;TUMOUR_DP_BEFORE=52,52;TUMOUR_DP_AT=59,59;TUMOUR_DP_AFTER=59,59;NORMAL_DP_BEFORE=22,22;NORMAL_DP_AT=26,26;NORMAL_DP_AFTER=26,26;TUMOUR_AF=0.034,0.034;NORMAL_AF=0,0;TUMOUR_TOTAL_HP_AT=0,0,59;NORMAL_TOTAL_HP_AT=0,0,26;TUMOUR_ALT_HP=0,0,2;NORMAL_ALT_HP=0,0,0;CLASS=SOMATIC;gene_name=ARHGAP32",GT,0/1
chr14,98491532,ID_62114_1,g,.g,.,PASS,"SVTYPE=SBND;TUMOUR_READ_SUPPORT=2;TUMOUR_ALN_SUPPORT=2;NORMAL_READ_SUPPORT=0;NORMAL_ALN_SUPPORT=0;SVLEN=0;BP_NOTATION=-;SOURCE=SOFTCLIP;CLUSTERED_READS_TUMOUR=2;CLUSTERED_READS_NORMAL=0;ORIGIN_STARTS_STD_DEV=0;ORIGIN_MAPQ_MEAN=60;ORIGIN_EVENT_SIZE_STD_DEV=8;ORIGIN_EVENT_SIZE_MEDIAN=1170;ORIGIN_EVENT_SIZE_MEAN=1170;END_STARTS_STD_DEV=0;END_MAPQ_MEAN=60;END_EVENT_SIZE_STD_DEV=8;END_EVENT_SIZE_MEDIAN=1170;END_EVENT_SIZE_MEAN=1170;TUMOUR_DP_BEFORE=39,39;TUMOUR_DP_AT=42,42;TUMOUR_DP_AFTER=42,42;NORMAL_DP_BEFORE=21,21;NORMAL_DP_AT=22,22;NORMAL_DP_AFTER=22,22;TUMOUR_AF=0.048,0.048;NORMAL_AF=0,0;TUMOUR_TOTAL_HP_AT=0,0,42;NORMAL_TOTAL_HP_AT=0,0,22;TUMOUR_ALT_HP=0,0,2;NORMAL_ALT_HP=0,0,0;CLASS=SOMATIC;gene_name=LINC02691",GT,0/1
chr15,27171920,ID_13389_1,t,.t,.,PASS,"SVTYPE=SBND;TUMOUR_READ_SUPPORT=3;TUMOUR_ALN_SUPPORT=3;NORMAL_READ_SUPPORT=0;NORMAL_ALN_SUPPORT=0;SVLEN=0;BP_NOTATION=+;SOURCE=SOFTCLIP;CLUSTERED_READS_TUMOUR=3;CLUSTERED_READS_NORMAL=0;ORIGIN_STARTS_STD_DEV=0;ORIGIN_MAPQ_MEAN=60;ORIGIN_EVENT_SIZE_STD_DEV=44.612;ORIGIN_EVENT_SIZE_MEDIAN=1279;ORIGIN_EVENT_SIZE_MEAN=1263.67;END_STARTS_STD_DEV=0;END_MAPQ_MEAN=60;END_EVENT_SIZE_STD_DEV=44.612;END_EVENT_SIZE_MEDIAN=1279;END_EVENT_SIZE_MEAN=1263.67;TUMOUR_DP_BEFORE=38,38;TUMOUR_DP_AT=34,34;TUMOUR_DP_AFTER=34,34;NORMAL_DP_BEFORE=28,28;NORMAL_DP_AT=25,25;NORMAL_DP_AFTER=25,25;TUMOUR_AF=0.088,0.088;NORMAL_AF=0,0;TUMOUR_TOTAL_HP_AT=0,0,34;NORMAL_TOTAL_HP_AT=0,0,25;TUMOUR_ALT_HP=0,0,3;NORMAL_ALT_HP=0,0,0;CLASS=SOMATIC;gene_name=FAM189A1",GT,0/1
chr16,34946474,ID_41737_1,G,.G,.,PASS,"SVTYPE=SBND;TUMOUR_READ_SUPPORT=2;TUMOUR_ALN_SUPPORT=2;NORMAL_READ_SUPPORT=0;NORMAL_ALN_SUPPORT=0;SVLEN=0;BP_NOTATION=+;SOURCE=SOFTCLIP;CLUSTERED_READS_TUMOUR=2;CLUSTERED_READS_NORMAL=0;ORIGIN_STARTS_STD_DEV=0;ORIGIN_MAPQ_MEAN=55;ORIGIN_EVENT_SIZE_STD_DEV=17;ORIGIN_EVENT_SIZE_MEDIAN=1227;ORIGIN_EVENT_SIZE_MEAN=1227;END_STARTS_STD_DEV=0;END_MAPQ_MEAN=55;END_EVENT_SIZE_STD_DEV=17;END_EVENT_SIZE_MEDIAN=1227;END_EVENT_SIZE_MEAN=1227;TUMOUR_DP_BEFORE=65,65;TUMOUR_DP_AT=62,62;TUMOUR_DP_AFTER=62,62;NORMAL_DP_BEFORE=42,42;NORMAL_DP_AT=41,41;NORMAL_DP_AFTER=41,41;TUMOUR_AF=0.032,0.032;NORMAL_AF=0,0;TUMOUR_TOTAL_HP_AT=0,0,62;NORMAL_TOTAL_HP_AT=0,0,41;TUMOUR_ALT_HP=0,0,2;NORMAL_ALT_HP=0,0,0;CLASS=SOMATIC",GT,0/1
chr16,38968800,ID_41888_1,c,.c,.,PASS,"SVTYPE=SBND;TUMOUR_READ_SUPPORT=2;TUMOUR_ALN_SUPPORT=2;NORMAL_READ_SUPPORT=0;NORMAL_ALN_SUPPORT=0;SVLEN=0;BP_NOTATION=+;SOURCE=SOFTCLIP;CLUSTERED_READS_TUMOUR=2;CLUSTERED_READS_NORMAL=0;ORIGIN_STARTS_STD_DEV=0;ORIGIN_MAPQ_MEAN=60;ORIGIN_EVENT_SIZE_STD_DEV=3.5;ORIGIN_EVENT_SIZE_MEDIAN=1308.5;ORIGIN_EVENT_SIZE_MEAN=1308.5;END_STARTS_STD_DEV=0;END_MAPQ_MEAN=60;END_EVENT_SIZE_STD_DEV=3.5;END_EVENT_SIZE_MEDIAN=1308.5;END_EVENT_SIZE_MEAN=1308.5;TUMOUR_DP_BEFORE=22,22;TUMOUR_DP_AT=17,17;TUMOUR_DP_AFTER=17,17;NORMAL_DP_BEFORE=12,12;NORMAL_DP_AT=10,10;NORMAL_DP_AFTER=10,10;TUMOUR_AF=0.118,0.118;NORMAL_AF=0,0;TUMOUR_TOTAL_HP_AT=0,0,17;NORMAL_TOTAL_HP_AT=0,0,10;TUMOUR_ALT_HP=0,0,2;NORMAL_ALT_HP=0,0,0;CLASS=SOMATIC",GT,0/1
chr16,90997263,ID_44595_1,t,.t,.,PASS,"SVTYPE=SBND;TUMOUR_READ_SUPPORT=2;TUMOUR_ALN_SUPPORT=2;NORMAL_READ_SUPPORT=0;NORMAL_ALN_SUPPORT=0;SVLEN=0;BP_NOTATION=-;SOURCE=SOFTCLIP;CLUSTERED_READS_TUMOUR=2;CLUSTERED_READS_NORMAL=0;ORIGIN_STARTS_STD_DEV=0;ORIGIN_MAPQ_MEAN=60;ORIGIN_EVENT_SIZE_STD_DEV=1;ORIGIN_EVENT_SIZE_MEDIAN=1172;ORIGIN_EVENT_SIZE_MEAN=1172;END_STARTS_STD_DEV=0;END_MAPQ_MEAN=60;END_EVENT_SIZE_STD_DEV=1;END_EVENT_SIZE_MEDIAN=1172;END_EVENT_SIZE_MEAN=1172;TUMOUR_DP_BEFORE=56,56;TUMOUR_DP_AT=61,61;TUMOUR_DP_AFTER=61,61;NORMAL_DP_BEFORE=38,38;NORMAL_DP_AT=39,39;NORMAL_DP_AFTER=39,39;TUMOUR_AF=0.033,0.033;NORMAL_AF=0,0;TUMOUR_TOTAL_HP_AT=0,0,61;NORMAL_TOTAL_HP_AT=0,0,39;TUMOUR_ALT_HP=0,0,2;NORMAL_ALT_HP=0,0,0;CLASS=SOMATIC;gene_name=LINC02176",GT,0/1
chr16,94468991,ID_44798_1,g,.g,.,PASS,"SVTYPE=SBND;TUMOUR_READ_SUPPORT=2;TUMOUR_ALN_SUPPORT=2;NORMAL_READ_SUPPORT=0;NORMAL_ALN_SUPPORT=0;SVLEN=0;BP_NOTATION=-;SOURCE=SOFTCLIP;CLUSTERED_READS_TUMOUR=2;CLUSTERED_READS_NORMAL=0;ORIGIN_STARTS_STD_DEV=0;ORIGIN_MAPQ_MEAN=60;ORIGIN_EVENT_SIZE_STD_DEV=17;ORIGIN_EVENT_SIZE_MEDIAN=1165;ORIGIN_EVENT_SIZE_MEAN=1165;END_STARTS_STD_DEV=0;END_MAPQ_MEAN=60;END_EVENT_SIZE_STD_DEV=17;END_EVENT_SIZE_MEDIAN=1165;END_EVENT_SIZE_MEAN=1165;TUMOUR_DP_BEFORE=37,37;TUMOUR_DP_AT=40,40;TUMOUR_DP_AFTER=40,40;NORMAL_DP_BEFORE=19,19;NORMAL_DP_AT=19,19;NORMAL_DP_AFTER=19,19;TUMOUR_AF=0.05,0.05;NORMAL_AF=0,0;TUMOUR_TOTAL_HP_AT=0,0,40;NORMAL_TOTAL_HP_AT=0,0,19;TUMOUR_ALT_HP=0,0,2;NORMAL_ALT_HP=0,0,0;CLASS=SOMATIC;gene_name=ZNF469",GT,0/1
chr18,53289883,ID_97321_1,t,.t,.,PASS,"SVTYPE=SBND;TUMOUR_READ_SUPPORT=2;TUMOUR_ALN_SUPPORT=2;NORMAL_READ_SUPPORT=0;NORMAL_ALN_SUPPORT=0;SVLEN=0;BP_NOTATION=-;SOURCE=SOFTCLIP;CLUSTERED_READS_TUMOUR=2;CLUSTERED_READS_NORMAL=0;ORIGIN_STARTS_STD_DEV=0;ORIGIN_MAPQ_MEAN=60;ORIGIN_EVENT_SIZE_STD_DEV=37.5;ORIGIN_EVENT_SIZE_MEDIAN=1091.5;ORIGIN_EVENT_SIZE_MEAN=1091.5;END_STARTS_STD_DEV=0;END_MAPQ_MEAN=60;END_EVENT_SIZE_STD_DEV=37.5;END_EVENT_SIZE_MEDIAN=1091.5;END_EVENT_SIZE_MEAN=1091.5;TUMOUR_DP_BEFORE=51,51;TUMOUR_DP_AT=56,56;TUMOUR_DP_AFTER=57,57;NORMAL_DP_BEFORE=35,35;NORMAL_DP_AT=37,37;NORMAL_DP_AFTER=37,37;TUMOUR_AF=0.036,0.036;NORMAL_AF=0,0;TUMOUR_TOTAL_HP_AT=0,0,56;NORMAL_TOTAL_HP_AT=0,0,37;TUMOUR_ALT_HP=0,0,2;NORMAL_ALT_HP=0,0,0;CLASS=SOMATIC;gene_name=DCC",GT,0/1
chr19,54002031,ID_64920_1,c,.c,.,PASS,"SVTYPE=SBND;TUMOUR_READ_SUPPORT=2;TUMOUR_ALN_SUPPORT=2;NORMAL_READ_SUPPORT=0;NORMAL_ALN_SUPPORT=0;SVLEN=0;BP_NOTATION=+;SOURCE=SOFTCLIP;CLUSTERED_READS_TUMOUR=2;CLUSTERED_READS_NORMAL=0;ORIGIN_STARTS_STD_DEV=0;ORIGIN_MAPQ_MEAN=60;ORIGIN_EVENT_SIZE_STD_DEV=15;ORIGIN_EVENT_SIZE_MEDIAN=1222;ORIGIN_EVENT_SIZE_MEAN=1222;END_STARTS_STD_DEV=0;END_MAPQ_MEAN=60;END_EVENT_SIZE_STD_DEV=15;END_EVENT_SIZE_MEDIAN=1222;END_EVENT_SIZE_MEAN=1222;TUMOUR_DP_BEFORE=55,55;TUMOUR_DP_AT=51,51;TUMOUR_DP_AFTER=51,51;NORMAL_DP_BEFORE=27,27;NORMAL_DP_AT=26,26;NORMAL_DP_AFTER=26,26;TUMOUR_AF=0.039,0.039;NORMAL_AF=0,0;TUMOUR_TOTAL_HP_AT=0,0,51;NORMAL_TOTAL_HP_AT=0,0,26;TUMOUR_ALT_HP=0,0,2;NORMAL_ALT_HP=0,0,0;CLASS=SOMATIC",GT,0/1
chr20,30125004,ID_98880_1,t,.t,.,PASS,"SVTYPE=SBND;TUMOUR_READ_SUPPORT=3;TUMOUR_ALN_SUPPORT=3;NORMAL_READ_SUPPORT=0;NORMAL_ALN_SUPPORT=0;SVLEN=0;BP_NOTATION=-;SOURCE=SOFTCLIP;CLUSTERED_READS_TUMOUR=3;CLUSTERED_READS_NORMAL=0;ORIGIN_STARTS_STD_DEV=0;ORIGIN_MAPQ_MEAN=55.667;ORIGIN_EVENT_SIZE_STD_DEV=29.466;ORIGIN_EVENT_SIZE_MEDIAN=1566;ORIGIN_EVENT_SIZE_MEAN=1586.33;END_STARTS_STD_DEV=0;END_MAPQ_MEAN=55.667;END_EVENT_SIZE_STD_DEV=29.466;END_EVENT_SIZE_MEDIAN=1566;END_EVENT_SIZE_MEAN=1586.33;TUMOUR_DP_BEFORE=41,41;TUMOUR_DP_AT=47,47;TUMOUR_DP_AFTER=47,47;NORMAL_DP_BEFORE=31,31;NORMAL_DP_AT=33,33;NORMAL_DP_AFTER=33,33;TUMOUR_AF=0.064,0.064;NORMAL_AF=0,0;TUMOUR_TOTAL_HP_AT=0,0,47;NORMAL_TOTAL_HP_AT=0,0,33;TUMOUR_ALT_HP=0,0,3;NORMAL_ALT_HP=0,0,0;CLASS=SOMATIC;gene_name=LOC112268265",GT,0/1
chrX,142815117,ID_104157_1,t,.t,.,PASS,"SVTYPE=SBND;TUMOUR_READ_SUPPORT=2;TUMOUR_ALN_SUPPORT=2;NORMAL_READ_SUPPORT=0;NORMAL_ALN_SUPPORT=0;SVLEN=0;BP_NOTATION=-;SOURCE=SOFTCLIP;CLUSTERED_READS_TUMOUR=2;CLUSTERED_READS_NORMAL=0;ORIGIN_STARTS_STD_DEV=0;ORIGIN_MAPQ_MEAN=60;ORIGIN_EVENT_SIZE_STD_DEV=32;ORIGIN_EVENT_SIZE_MEDIAN=1775;ORIGIN_EVENT_SIZE_MEAN=1775;END_STARTS_STD_DEV=0;END_MAPQ_MEAN=60;END_EVENT_SIZE_STD_DEV=32;END_EVENT_SIZE_MEDIAN=1775;END_EVENT_SIZE_MEAN=1775;TUMOUR_DP_BEFORE=58,58;TUMOUR_DP_AT=66,66;TUMOUR_DP_AFTER=68,68;NORMAL_DP_BEFORE=31,31;NORMAL_DP_AT=33,33;NORMAL_DP_AFTER=36,36;TUMOUR_AF=0.03,0.03;NORMAL_AF=0,0;TUMOUR_TOTAL_HP_AT=0,0,66;NORMAL_TOTAL_HP_AT=0,0,33;TUMOUR_ALT_HP=0,0,2;NORMAL_ALT_HP=0,0,0;CLASS=SOMATIC",GT,0/1
