#CHROM,POS,ID,REF,ALT,QUAL,FILTER,INFO,FORMAT,TUMOR,CONTROL
chr1,8595288,r_0_0,g,[chr14:87478046[A,.,PASS,SVTYPE=BND;MATEID=r_0_1;gene_name=SLC2A5,TR:VR,115:3,73:1
chr1,66864042,r_3_0,T,[chr1:66864444[A,.,PASS,SVTYPE=BND;MATEID=r_3_1;gene_name=MIER1,TR:VR,85:3,50:1
chr1,66864429,r_4_0,G,G]chr16:83811174],.,PASS,SVTYPE=BND;MATEID=r_4_1;gene_name=MIER1,TR:VR,137:4,90:1
chr1,66864444,r_3_1,A,[chr1:66864042[A,.,PASS,SVTYPE=BND;MATEID=r_3_0;gene_name=MIER1,TR:VR,85:3,50:1
chr1,97745999,r_9_0,g,[chr2:53395127[c,.,PASS,SVTYPE=BND;MATEID=r_9_1;gene_name=DPYD,TR:VR,130:2,80:1
chr1,100526805,r_10_0,g,g]chr4:140579123],.,PASS,SVTYPE=BND;MATEID=r_10_1;gene_name=LOC124904231,TR:VR,117:4,97:1
chr1,101362826,r_11_0,T,TTTTTTTTTTTTTTTTTTTTTTTTT[chr3:89537048[,.,PASS,SVTYPE=BND;MATEID=r_11_1;SVINSLEN=24;SVINSSEQ=TTTTTTTTTTTTTTTTTTTTTTTT,TR:VR,128:8,75:1
chr1,117437861,r_13_0,c,]chr3:180075548]T,.,PASS,SVTYPE=BND;MATEID=r_13_1;gene_name=MAN1A2,TR:VR,115:9,82:1
chr1,118871778,r_14_0,a,aAAAAAAAAAAAAAAAAAAAAAAAAAAAAAAAAAAAAAA[chr15:48704366[,.,PASS,SVTYPE=BND;MATEID=r_14_1;SVINSLEN=38;SVINSSEQ=AAAAAAAAAAAAAAAAAAAAAAAAAAAAAAAAAAAAAA;gene_name=LOC107985447,TR:VR,114:5,67:0
chr1,127679390,r_16_0,t,]chr10:42132975]ATATGGAATGCAATGGAATGGAATGGAATTCAATGTAATGGAAACAAACCGAGTTGGATGTACAGGAATGGAAAGGATTGGAATATAAAGGAATGGATTGGAATCAACCCGATTCCAATGCAACGGAATGGAATGGAATGGAATGGAATGAAATGGAATGGAAAGGAATGGAATGAAAg,.,PASS,SVTYPE=BND;MATEID=r_16_1;SVINSLEN=178;SVINSSEQ=ATATGGAATGCAATGGAATGGAATGGAATTCAATGTAATGGAAACAAACCGAGTTGGATGTACAGGAATGGAAAGGATTGGAATATAAAGGAATGGATTGGAATCAACCCGATTCCAATGCAACGGAATGGAATGGAATGGAATGGAATGAAATGGAATGGAAAGGAATGGAATGAAA,TR:VR,124:3,22:0
chr1,128421251,r_21_0,c,c[chr19:45085570[,.,PASS,SVTYPE=BND;MATEID=r_21_1,TR:VR,130:47,79:0
chr1,128421372,r_22_0,c,[chr10:983300[T,.,PASS,SVTYPE=BND;MATEID=r_22_1,TR:VR,123:43,95:0
chr1,128422055,r_23_0,c,c]chr19:45114512],.,PASS,SVTYPE=BND;MATEID=r_23_1,TR:VR,123:43,77:0
chr1,128478531,r_24_0,g,[chr19:45150884[CACCCAGGTGATATAACTCTTCTCAAGGATCTGCCTACACGGTGCTTTGTGACATCCCTGCAATGATCACCCAGGTGATATACCACTTGTCAAGGCTCTGCCTACAGGGGCATTGTGATATATATCTGCACTGATCACCTAGGTCATGTAACTTATCTAGA,.,PASS,SVTYPE=BND;MATEID=r_24_1;SVINSLEN=160;SVINSSEQ=CACCCAGGTGATATAACTCTTCTCAAGGATCTGCCTACACGGTGCTTTGTGACATCCCTGCAATGATCACCCAGGTGATATACCACTTGTCAAGGCTCTGCCTACAGGGGCATTGTGATATATATCTGCACTGATCACCTAGGTCATGTAACTTATCTAG,TR:VR,113:26,76:0
chr1,150725100,r_27_0,a,aG[chr5:135144965[,.,PASS,SVTYPE=BND;MATEID=r_27_1;SVINSLEN=1;SVINSSEQ=G,TR:VR,101:5,62:0
chr1,205222582,r_33_0,C,C]chr17:4161138],.,PASS,SVTYPE=BND;MATEID=r_33_1;gene_name=SLC26A9-AS1,TR:VR,165:3,75:0
chr2,53395127,r_9_1,c,[chr1:97745999[c,.,PASS,SVTYPE=BND;MATEID=r_9_0,TR:VR,130:2,80:1
chr2,72635255,r_202_0,a,[chr5:170485089[AAAAAAAAAAAAAAAAAAAAAAAAAAAAAAAAAAAAAAAAAt,.,PASS,SVTYPE=BND;MATEID=r_202_1;SVINSLEN=41;SVINSSEQ=AAAAAAAAAAAAAAAAAAAAAAAAAAAAAAAAAAAAAAAAA;gene_name=EXOC6B,TR:VR,101:4,62:1
chr2,179548680,r_222_0,a,]chr6:152029177]AAAAAAAAAAAAAAAa,.,PASS,SVTYPE=BND;MATEID=r_222_1;SVINSLEN=15;SVINSSEQ=AAAAAAAAAAAAAAA,TR:VR,118:3,83:0
chr2,194171696,r_164_1,g,gCCT[chr17:19987004[,.,PASS,SVTYPE=BND;MATEID=r_164_0;SVINSLEN=3;SVINSSEQ=CCT,TR:VR,100:3,44:0
chr2,218665575,r_225_0,a,a]chr5:699802],.,PASS,SVTYPE=BND;MATEID=r_225_1,TR:VR,196:2,143:0
chr2,219332459,r_226_0,c,]chr8:109252203]Gg,.,PASS,SVTYPE=BND;MATEID=r_226_1;SVINSLEN=1;SVINSSEQ=G,TR:VR,110:9,73:0
chr3,89537048,r_11_1,C,]chr1:101362826]AAAAAAAAAAAAAAAAAAAAAAAAC,.,PASS,SVTYPE=BND;MATEID=r_11_0;SVINSLEN=24;SVINSSEQ=AAAAAAAAAAAAAAAAAAAAAAAA;gene_name=EPHA3,TR:VR,128:8,75:1
chr3,135696439,r_253_1,a,a[chr21:20621843[,.,PASS,SVTYPE=BND;MATEID=r_253_0,TR:VR,143:2,82:1
chr3,161408054,r_289_0,C,[chr5:148115909[TTCTGCCTCGGCTCCAGCCGGTCCCTCCGTTTGGGGGGACg,.,PASS,SVTYPE=BND;MATEID=r_289_1;SVINSLEN=40;SVINSSEQ=TTCTGCCTCGGCTCCAGCCGGTCCCTCCGTTTGGGGGGAC,TR:VR,128:3,81:1
chr3,180075548,r_13_1,T,T[chr1:117437861[,.,PASS,SVTYPE=BND;MATEID=r_13_0,TR:VR,115:9,82:1
chr4,15829321,r_299_0,A,AAAAAAAAAAAAAAAAAAAAAAAAAAAAAAAAAAAAAAA]chr6:66703934],.,PASS,SVTYPE=BND;MATEID=r_299_1;SVINSLEN=38;SVINSSEQ=AAAAAAAAAAAAAAAAAAAAAAAAAAAAAAAAAAAAAA;gene_name=CD38,TR:VR,124:3,72:1
chr4,86513180,r_305_0,a,aTATATATAT]chr6:31309826],.,PASS,SVTYPE=BND;MATEID=r_305_1;SVINSLEN=9;SVINSSEQ=TATATATAT;gene_name=LOC124900167,TR:VR,124:5,60:1
chr4,91264033,r_307_0,a,aGAAGTTATTTCCTTGA[chr5:148406292[,.,PASS,SVTYPE=BND;MATEID=r_307_1;SVINSLEN=16;SVINSSEQ=GAAGTTATTTCCTTGA,TR:VR,147:2,85:0
chr4,140579123,r_10_1,a,a]chr1:100526805],.,PASS,SVTYPE=BND;MATEID=r_10_0,TR:VR,117:4,97:1
chr4,168582775,r_70_1,T,]chr11:58349114]AAAAAAAAAATAAATAAATAAAAAATAAAATAAAT,.,PASS,SVTYPE=BND;MATEID=r_70_0;SVINSLEN=34;SVINSSEQ=AAAAAAAAAATAAATAAATAAAAAATAAAATAAA;gene_name=KLHL2,TR:VR,167:6,96:0
chr4,168583596,r_69_1,T,[chr11:58349098[T,.,PASS,SVTYPE=BND;MATEID=r_69_0;gene_name=KLHL2,TR:VR,171:4,99:2
chr5,699802,r_225_1,c,c]chr2:218665575],.,PASS,SVTYPE=BND;MATEID=r_225_0,TR:VR,196:2,143:0
chr5,2264651,r_133_1,a,]chr14:92550447]AAAAAAAAAAAAAAAAAAAAAAAAAAAa,.,PASS,SVTYPE=BND;MATEID=r_133_0;SVINSLEN=27;SVINSSEQ=AAAAAAAAAAAAAAAAAAAAAAAAAAA,TR:VR,118:3,75:2
chr5,135144965,r_27_1,a,]chr1:150725100]Ca,.,PASS,SVTYPE=BND;MATEID=r_27_0;SVINSLEN=1;SVINSSEQ=C;gene_name=SAR1B,TR:VR,101:5,62:0
chr5,148115909,r_289_1,g,[chr3:161408054[GTCCCCCCAAACGGAGGGACCGGCTGGAGCCGAGGCAGAAg,.,PASS,SVTYPE=BND;MATEID=r_289_0;SVINSLEN=40;SVINSSEQ=GTCCCCCCAAACGGAGGGACCGGCTGGAGCCGAGGCAGAA;gene_name=JAKMIP2-AS1,TR:VR,128:3,81:1
chr5,148406292,r_307_1,g,]chr4:91264033]TCAAGGAAATAACTTCg,.,PASS,SVTYPE=BND;MATEID=r_307_0;SVINSLEN=16;SVINSSEQ=TCAAGGAAATAACTTC,TR:VR,147:2,85:0
chr5,170485089,r_202_1,t,[chr2:72635255[TTTTTTTTTTTTTTTTTTTTTTTTTTTTTTTTTTTTTTTTTt,.,PASS,SVTYPE=BND;MATEID=r_202_0;SVINSLEN=41;SVINSSEQ=TTTTTTTTTTTTTTTTTTTTTTTTTTTTTTTTTTTTTTTTT;gene_name=DOCK2,TR:VR,101:4,62:1
chr6,27355720,r_132_1,c,cG[chr14:86382903[,.,PASS,SVTYPE=BND;MATEID=r_132_0;SVINSLEN=1;SVINSSEQ=G,TR:VR,139:8,70:2
chr6,31309826,r_305_1,t,tATATATATA]chr4:86513180],.,PASS,SVTYPE=BND;MATEID=r_305_0;SVINSLEN=9;SVINSSEQ=ATATATATA,TR:VR,124:5,60:1
chr6,32377110,r_344_0,a,]chr8:112199756]a,.,PASS,SVTYPE=BND;MATEID=r_344_1,TR:VR,140:4,83:0
chr6,66703934,r_299_1,T,TTTTTTTTTTTTTTTTTTTTTTTTTTTTTTTTTTTTTTT]chr4:15829321],.,PASS,SVTYPE=BND;MATEID=r_299_0;SVINSLEN=38;SVINSSEQ=TTTTTTTTTTTTTTTTTTTTTTTTTTTTTTTTTTTTTT;gene_name=EYS,TR:VR,124:3,72:1
chr6,72445840,r_126_1,t,[chr14:29563162[t,.,PASS,SVTYPE=BND;MATEID=r_126_0;gene_name=LOC124901339,TR:VR,136:5,66:1
chr6,72447942,r_127_1,c,c]chr14:29563172],.,PASS,SVTYPE=BND;MATEID=r_127_0;gene_name=LOC124901339,TR:VR,132:6,64:0
chr6,152029177,r_222_1,a,aTTTTTTTTTTTTTTT[chr2:179548680[,.,PASS,SVTYPE=BND;MATEID=r_222_0;SVINSLEN=15;SVINSSEQ=TTTTTTTTTTTTTTT;gene_name=PLEKHG1,TR:VR,118:3,83:0
chr7,3833279,r_44_1,t,[chr10:13909739[t,.,PASS,SVTYPE=BND;MATEID=r_44_0;gene_name=SDK1,TR:VR,144:8,72:0
chr7,3835887,r_43_1,c,c]chr10:13909162],.,PASS,SVTYPE=BND;MATEID=r_43_0;gene_name=SDK1,TR:VR,137:5,69:0
chr7,22646200,r_366_0,t,[chr9:145235338[ATTATTATTAa,.,PASS,SVTYPE=BND;MATEID=r_366_1;SVINSLEN=10;SVINSSEQ=ATTATTATTA,TR:VR,127:7,69:2
chr7,56309910,r_367_0,a,]chr9:89920078]a,.,PASS,SVTYPE=BND;MATEID=r_367_1,TR:VR,118:6,69:0
chr8,30566979,r_161_1,A,A[chr17:7165494[,.,PASS,SVTYPE=BND;MATEID=r_161_0,TR:VR,94:3,66:0
chr8,109252203,r_226_1,g,gC[chr2:219332459[,.,PASS,SVTYPE=BND;MATEID=r_226_0;SVINSLEN=1;SVINSSEQ=C,TR:VR,110:9,73:0
chr8,112199756,r_344_1,a,a[chr6:32377110[,.,PASS,SVTYPE=BND;MATEID=r_344_0,TR:VR,140:4,83:0
chr8,129949847,r_268_1,t,[chr22:45707186[TTTTTTTTTTTTTTTTTTTTTTt,.,PASS,SVTYPE=BND;MATEID=r_268_0;SVINSLEN=22;SVINSSEQ=TTTTTTTTTTTTTTTTTTTTTT,TR:VR,153:8,76:0
chr8,129949847,r_102_1,t,]chr13:53181347]AAAAAAAAAAAAt,.,PASS,SVTYPE=BND;MATEID=r_102_0;SVINSLEN=12;SVINSSEQ=AAAAAAAAAAAA,TR:VR,168:7,80:2
chr8,129952981,r_269_1,c,cC]chr22:45707202],.,PASS,SVTYPE=BND;MATEID=r_269_0;SVINSLEN=1;SVINSSEQ=C,TR:VR,142:8,66:1
chr9,89920078,r_367_1,a,a[chr7:56309910[,.,PASS,SVTYPE=BND;MATEID=r_367_0;gene_name=GNAQ,TR:VR,118:6,69:0
chr9,145235338,r_366_1,a,[chr7:22646200[TAATAATAATa,.,PASS,SVTYPE=BND;MATEID=r_366_0;SVINSLEN=10;SVINSSEQ=TAATAATAAT,TR:VR,127:7,69:2
chr10,952213,r_38_0,G,GGACAGCTCCCA]chr19:45062733],.,PASS,SVTYPE=BND;MATEID=r_38_1;SVINSLEN=11;SVINSSEQ=GACAGCTCCCA;gene_name=LARP4B,TR:VR,85:25,67:0
chr10,983300,r_22_1,T,[chr1:128421372[T,.,PASS,SVTYPE=BND;MATEID=r_22_0;gene_name=LARP4B,TR:VR,123:43,95:0
chr10,13909162,r_43_0,g,g]chr7:3835887],.,PASS,SVTYPE=BND;MATEID=r_43_1;gene_name=FRMD4A,TR:VR,137:5,69:0
chr10,13909739,r_44_0,t,[chr7:3833279[t,.,PASS,SVTYPE=BND;MATEID=r_44_1;gene_name=FRMD4A,TR:VR,144:8,72:0
chr10,42132975,r_16_1,g,gTTTCATTCCATTCCTTTCCATTCCATTTCATTCCATTCCATTCCATTCCATTCCGTTGCATTGGAATCGGGTTGATTCCAATCCATTCCTTTATATTCCAATCCTTTCCATTCCTGTACATCCAACTCGGTTTGTTTCCATTACATTGAATTCCATTCCATTCCATTGCATTCCATAT[chr1:127679390[,.,PASS,SVTYPE=BND;MATEID=r_16_0;SVINSLEN=178;SVINSSEQ=TTTCATTCCATTCCTTTCCATTCCATTTCATTCCATTCCATTCCATTCCATTCCGTTGCATTGGAATCGGGTTGATTCCAATCCATTCCTTTATATTCCAATCCTTTCCATTCCTGTACATCCAACTCGGTTTGTTTCCATTACATTGAATTCCATTCCATTCCATTGCATTCCATAT,TR:VR,124:3,22:0
chr11,58349098,r_69_0,g,[chr4:168583596[T,.,PASS,SVTYPE=BND;MATEID=r_69_1,TR:VR,171:4,99:2
chr11,58349114,r_70_0,t,tTTTATTTTATTTTTTATTTATTTATTTTTTTTTT[chr4:168582775[,.,PASS,SVTYPE=BND;MATEID=r_70_1;SVINSLEN=34;SVINSSEQ=TTTATTTTATTTTTTATTTATTTATTTTTTTTTT,TR:VR,167:6,96:0
chr11,104689625,r_77_0,c,cTTTTTTTTTTTT]chr17:9529752],.,PASS,SVTYPE=BND;MATEID=r_77_1;SVINSLEN=12;SVINSSEQ=TTTTTTTTTTTT;gene_name=LOC105369466,TR:VR,150:8,69:1
chr11,104689628,r_76_0,a,[chr17:9528299[c,.,PASS,SVTYPE=BND;MATEID=r_76_1;gene_name=LOC105369466,TR:VR,145:4,74:0
chr12,14047362,r_81_0,a,aTAAAATAAAAAAA]chr22:27234748],.,PASS,SVTYPE=BND;MATEID=r_81_1;SVINSLEN=13;SVINSSEQ=TAAAATAAAAAAA,TR:VR,120:2,64:1
chr12,25678789,r_82_0,A,AAAAAAAAAAAAAAAAAAAA]chr12:125324812],.,PASS,SVTYPE=BND;MATEID=r_82_1;SVINSLEN=19;SVINSSEQ=AAAAAAAAAAAAAAAAAAA;gene_name=TDGP1,TR:VR,128:7,81:2
chr12,125324812,r_82_1,c,cTTTTTTTTTTTTTTTTTTT]chr12:25678789],.,PASS,SVTYPE=BND;MATEID=r_82_0;SVINSLEN=19;SVINSSEQ=TTTTTTTTTTTTTTTTTTT;gene_name=TMEM132B,TR:VR,128:7,81:2
chr13,51752348,r_101_0,C,[chr14:18685013[t,.,PASS,SVTYPE=BND;MATEID=r_101_1;gene_name=LINC00345,TR:VR,192:3,125:0
chr13,53181347,r_102_0,t,tTTTTTTTTTTTT[chr8:129949847[,.,PASS,SVTYPE=BND;MATEID=r_102_1;SVINSLEN=12;SVINSSEQ=TTTTTTTTTTTT,TR:VR,168:7,80:2
chr14,4182345,r_111_0,t,tGTTGGATCTGCCTATGGGGGCA[chr22:9477392[,.,PASS,SVTYPE=BND;MATEID=r_111_1;SVINSLEN=22;SVINSSEQ=GTTGGATCTGCCTATGGGGGCA,TR:VR,147:4,80:1
chr14,4693164,r_115_0,c,cCCTTC]chr21:6479593],.,PASS,SVTYPE=BND;MATEID=r_115_1;SVINSLEN=5;SVINSSEQ=CCTTC,TR:VR,167:3,72:0
chr14,7371611,r_116_0,a,a]chr15:15264445],.,PASS,SVTYPE=BND;MATEID=r_116_1,TR:VR,187:3,91:0
chr14,14704771,r_119_0,a,aAAAAAAAAAAAAAACAAAAAAAAAAAACAAAAAAA]chr17:19987019],.,PASS,SVTYPE=BND;MATEID=r_119_1;SVINSLEN=35;SVINSSEQ=AAAAAAAAAAAAAACAAAAAAAAAAAACAAAAAAA;gene_name=RNASE10,TR:VR,102:5,62:0
chr14,16838320,r_122_0,a,a[chr17:67139726[,.,PASS,SVTYPE=BND;MATEID=r_122_1;gene_name=OR6J1,TR:VR,126:6,77:2
chr14,18685013,r_101_1,t,[chr13:51752348[t,.,PASS,SVTYPE=BND;MATEID=r_101_0;gene_name=LOC101927045,TR:VR,192:3,125:0
chr14,29563162,r_126_0,t,[chr6:72445840[t,.,PASS,SVTYPE=BND;MATEID=r_126_1,TR:VR,136:5,66:1
chr14,29563172,r_127_0,a,a]chr6:72447942],.,PASS,SVTYPE=BND;MATEID=r_127_1,TR:VR,132:6,64:0
chr14,86382903,r_132_0,c,]chr6:27355720]Cc,.,PASS,SVTYPE=BND;MATEID=r_132_1;SVINSLEN=1;SVINSSEQ=C;gene_name=CPSF2,TR:VR,139:8,70:2
chr14,87478046,r_0_1,A,[chr1:8595288[A,.,PASS,SVTYPE=BND;MATEID=r_0_0;gene_name=BTBD7,TR:VR,115:3,73:1
chr14,92550447,r_133_0,t,tTTTTTTTTTTTTTTTTTTTTTTTTTTT[chr5:2264651[,.,PASS,SVTYPE=BND;MATEID=r_133_1;SVINSLEN=27;SVINSSEQ=TTTTTTTTTTTTTTTTTTTTTTTTTTT,TR:VR,118:3,75:2
chr15,15264445,r_116_1,a,a]chr14:7371611],.,PASS,SVTYPE=BND;MATEID=r_116_0,TR:VR,187:3,91:0
chr15,48704366,r_14_1,g,]chr1:118871778]TTTTTTTTTTTTTTTTTTTTTTTTTTTTTTTTTTTTTTg,.,PASS,SVTYPE=BND;MATEID=r_14_0;SVINSLEN=38;SVINSSEQ=TTTTTTTTTTTTTTTTTTTTTTTTTTTTTTTTTTTTTT,TR:VR,114:5,67:0
chr16,83811174,r_4_1,A,A]chr1:66864429],.,PASS,SVTYPE=BND;MATEID=r_4_0;gene_name=LOC107984878,TR:VR,137:4,90:1
chr17,4161138,r_33_1,G,G]chr1:205222582],.,PASS,SVTYPE=BND;MATEID=r_33_0;gene_name=UBE2G1,TR:VR,165:3,75:0
chr17,7165494,r_161_0,g,]chr8:30566979]A,.,PASS,SVTYPE=BND;MATEID=r_161_1,TR:VR,94:3,66:0
chr17,9528299,r_76_1,c,[chr11:104689628[c,.,PASS,SVTYPE=BND;MATEID=r_76_0;gene_name=CFAP52,TR:VR,145:4,74:0
chr17,9529752,r_77_1,A,AAAAAAAAAAAAA]chr11:104689625],.,PASS,SVTYPE=BND;MATEID=r_77_0;SVINSLEN=12;SVINSSEQ=AAAAAAAAAAAA;gene_name=CFAP52,TR:VR,150:8,69:1
chr17,19987004,r_164_0,a,]chr2:194171696]AGGg,.,PASS,SVTYPE=BND;MATEID=r_164_1;SVINSLEN=3;SVINSSEQ=AGG;gene_name=SPECC1,TR:VR,100:3,44:0
chr17,19987019,r_119_1,t,tTTTTTTTGTTTTTTTTTTTTGTTTTTTTTTTTTTT]chr14:14704771],.,PASS,SVTYPE=BND;MATEID=r_119_0;SVINSLEN=35;SVINSSEQ=TTTTTTTGTTTTTTTTTTTTGTTTTTTTTTTTTTT;gene_name=SPECC1,TR:VR,102:5,62:0
chr17,20935479,r_165_0,a,a]chr17:34683551],.,PASS,SVTYPE=BND;MATEID=r_165_1;gene_name=LOC124900389,TR:VR,141:5,80:1
chr17,34683551,r_165_1,t,t]chr17:20935479],.,PASS,SVTYPE=BND;MATEID=r_165_0;gene_name=ASIC2,TR:VR,141:5,80:1
chr17,37426560,r_174_0,g,[chr17:38901570[c,.,PASS,SVTYPE=BND;MATEID=r_174_1,TR:VR,540:7,324:3
chr17,38901570,r_174_1,c,[chr17:37426560[c,.,PASS,SVTYPE=BND;MATEID=r_174_0;gene_name=LOC100420852,TR:VR,540:7,324:3
chr17,67139726,r_122_1,a,]chr14:16838320]a,.,PASS,SVTYPE=BND;MATEID=r_122_0,TR:VR,126:6,77:2
chr17,67516181,r_178_0,c,]chr22:17477917]a,.,PASS,SVTYPE=BND;MATEID=r_178_1;gene_name=PRKCA,TR:VR,170:2,119:0
chr17,83676862,r_181_0,C,C[chr19:43785628[,.,PASS,SVTYPE=BND;MATEID=r_181_1;gene_name=TBCD,TR:VR,109:3,56:0
chr19,43785628,r_181_1,t,]chr17:83676862]t,.,PASS,SVTYPE=BND;MATEID=r_181_0,TR:VR,109:3,56:0
chr19,45062733,r_38_1,A,ATGGGAGCTGTC]chr10:952213],.,PASS,SVTYPE=BND;MATEID=r_38_0;SVINSLEN=11;SVINSSEQ=TGGGAGCTGTC,TR:VR,85:25,67:0
chr19,45085570,r_21_1,g,]chr1:128421251]g,.,PASS,SVTYPE=BND;MATEID=r_21_0,TR:VR,130:47,79:0
chr19,45114512,r_23_1,C,C]chr1:128422055],.,PASS,SVTYPE=BND;MATEID=r_23_0;gene_name=CIC,TR:VR,123:43,77:0
chr19,45150884,r_24_1,A,[chr1:128478531[CTAGATAAGTTACATGACCTAGGTGATCAGTGCAGATATATATCACAATGCCCCTGTAGGCAGAGCCTTGACAAGTGGTATATCACCTGGGTGATCATTGCAGGGATGTCACAAAGCACCGTGTAGGCAGATCCTTGAGAAGAGTTATATCACCTGGGTGA,.,PASS,SVTYPE=BND;MATEID=r_24_0;SVINSLEN=160;SVINSSEQ=CTAGATAAGTTACATGACCTAGGTGATCAGTGCAGATATATATCACAATGCCCCTGTAGGCAGAGCCTTGACAAGTGGTATATCACCTGGGTGATCATTGCAGGGATGTCACAAAGCACCGTGTAGGCAGATCCTTGAGAAGAGTTATATCACCTGGGTG;gene_name=MEGF8,TR:VR,113:26,76:0
chr21,6479593,r_115_1,t,tGAAGG]chr14:4693164],.,PASS,SVTYPE=BND;MATEID=r_115_0;SVINSLEN=5;SVINSSEQ=GAAGG,TR:VR,167:3,72:0
chr21,20621843,r_253_0,c,]chr3:135696439]a,.,PASS,SVTYPE=BND;MATEID=r_253_1;gene_name=LOC107985508,TR:VR,143:2,82:1
chr22,9477392,r_111_1,t,]chr14:4182345]TGCCCCCATAGGCAGATCCAACt,.,PASS,SVTYPE=BND;MATEID=r_111_0;SVINSLEN=22;SVINSSEQ=TGCCCCCATAGGCAGATCCAAC,TR:VR,147:4,80:1
chr22,17477917,r_178_1,a,a[chr17:67516181[,.,PASS,SVTYPE=BND;MATEID=r_178_0;gene_name=XKR3,TR:VR,170:2,119:0
chr22,27234748,r_81_1,T,TTTTTTTTATTTTA]chr12:14047362],.,PASS,SVTYPE=BND;MATEID=r_81_0;SVINSLEN=13;SVINSSEQ=TTTTTTTATTTTA;gene_name=MIATNB,TR:VR,120:2,64:1
chr22,45707186,r_268_0,A,[chr8:129949847[AAAAAAAAAAAAAAAAAAAAAAt,.,PASS,SVTYPE=BND;MATEID=r_268_1;SVINSLEN=22;SVINSSEQ=AAAAAAAAAAAAAAAAAAAAAA;gene_name=KIAA0930,TR:VR,153:8,76:0
chr22,45707202,r_269_0,T,TG]chr8:129952981],.,PASS,SVTYPE=BND;MATEID=r_269_1;SVINSLEN=1;SVINSSEQ=G;gene_name=KIAA0930,TR:VR,142:8,66:1
chrX,102338842,r_415_0,g,[chrX:102447011[CGTg,.,PASS,SVTYPE=BND;MATEID=r_415_1;SVINSLEN=3;SVINSSEQ=CGT;gene_name=TMSB15B-AS1,TR:VR,138:9,78:1
chrX,102447011,r_415_1,g,[chrX:102338842[ACGg,.,PASS,SVTYPE=BND;MATEID=r_415_0;SVINSLEN=3;SVINSSEQ=ACG,TR:VR,138:9,78:1
