chrom,pos,ref,alt,filter,gene
chr1,20978679,A,C,['PASS'],EIF4G3|CCDS55580.1|r.?|-|-|protein_coding:intron:CDS:substitution:intron_variant|SO:0000010:SO:0000188:SO:0000316:SO:1000002:SO:0001627
chr1,36910563,A,T,['PASS'],GRIK3|CCDS416.1|r.?|-|-|protein_coding:intron:CDS:substitution:intron_variant|SO:0000010:SO:0000188:SO:0000316:SO:1000002:SO:0001627
chr1,234598364,T,A,['PASS'],U8|ENST00000390842|r.?|-|-|non_protein_coding:substitution:5KB_downstream_variant|SO:0000011:SO:1000002:SO:0001633
chr1,240208115,T,A,['PASS'],FMN2|CCDS31069.2|r.3530u>a|c.3303T>A|p.P1101P|protein_coding:exon:CDS:substitution:codon_variant:synonymous_codon|SO:0000010:SO:0000147:SO:0000316:SO:1000002:SO:0001581:SO:0001588
chr10,76526867,T,G,['PASS'],LRMDA|CCDS76319.1|r.?|-|-|protein_coding:intron:CDS:substitution:intron_variant|SO:0000010:SO:0000188:SO:0000316:SO:1000002:SO:0001627
chr10,87669697,A,T,['PASS'],PAPSS2|CCDS7385.1|r.?|-|-|protein_coding:intron:CDS:substitution:intron_variant|SO:0000010:SO:0000188:SO:0000316:SO:1000002:SO:0001627
chr10,126056449,T,G,['PASS'],ADAM12|CCDS7653.1|r.?|-|-|protein_coding:intron:CDS:substitution:intron_variant|SO:0000010:SO:0000188:SO:0000316:SO:1000002:SO:0001627
chr11,1170738,C,T,['PASS'],MUC5AC|CCDS76369.1|r.?|-|-|protein_coding:intron:CDS:substitution:intron_variant|SO:0000010:SO:0000188:SO:0000316:SO:1000002:SO:0001627
chr11,66364214,T,A,['PASS'],SLC29A2|CCDS8137.1|r.?|-|-|protein_coding:intron:CDS:substitution:intron_variant|SO:0000010:SO:0000188:SO:0000316:SO:1000002:SO:0001627
chr11,74398520,T,G,['PASS'],PGM2L1|CCDS8231.1|r.?|-|-|protein_coding:substitution:2KB_upstream_variant|SO:0000010:SO:1000002:SO:0001636
chr11,84174017,T,G,['PASS'],DLG2|CCDS44690.1|r.?|-|-|protein_coding:intron:CDS:substitution:intron_variant|SO:0000010:SO:0000188:SO:0000316:SO:1000002:SO:0001627
chr12,56718520,A,T,['PASS'],NACA|CCDS44925.2|r.?|-|-|protein_coding:intron:CDS:substitution:intron_variant|SO:0000010:SO:0000188:SO:0000316:SO:1000002:SO:0001627
chr12,64140156,A,C,['PASS'],SRGAP1|CCDS8967.1|r.?|-|-|protein_coding:intron:CDS:substitution:intron_variant|SO:0000010:SO:0000188:SO:0000316:SO:1000002:SO:0001627
chr13,38988541,T,A,['PASS'],STOML3|CCDS45040.1|r.?|-|-|protein_coding:intron:five_prime_UTR:substitution:intron_variant|SO:0000010:SO:0000188:SO:0000204:SO:1000002:SO:0001627
chr14,62899835,A,C,['PASS'],KCNH5|CCDS9756.1|r.?|-|-|protein_coding:intron:CDS:substitution:intron_variant|SO:0000010:SO:0000188:SO:0000316:SO:1000002:SO:0001627
chr14,76182422,T,A,['PASS'],GPATCH2L|CCDS9848.1|r.?|-|-|protein_coding:intron:CDS:substitution:intron_variant|SO:0000010:SO:0000188:SO:0000316:SO:1000002:SO:0001627
chr14,104180192,A,T,['PASS'],KIF26A|CCDS45171.1|r.?|-|-|protein_coding:substitution:500B_downstream_variant|SO:0000010:SO:1000002:SO:0001634
chr15,31076127,C,G,['PASS'],TRPM1|CCDS58347.1|r.?|-|-|protein_coding:intron:CDS:substitution:intron_variant|SO:0000010:SO:0000188:SO:0000316:SO:1000002:SO:0001627
chr15,43204976,A,C,['PASS'],EPB42|CCDS10093.1|r.?|-|-|protein_coding:intron:CDS:substitution:intron_variant|SO:0000010:SO:0000188:SO:0000316:SO:1000002:SO:0001627
chr15,58759819,A,C,['PASS'],SNORD3P1|ENST00000363448|r.?|-|-|non_protein_coding:substitution:5KB_downstream_variant|SO:0000011:SO:1000002:SO:0001633
chr15,72521200,C,G,['PASS'],ARIH1|CCDS10244.1|r.?|-|-|protein_coding:intron:CDS:substitution:intron_variant|SO:0000010:SO:0000188:SO:0000316:SO:1000002:SO:0001627
chr15,72521201,C,G,['PASS'],ARIH1|CCDS10244.1|r.?|-|-|protein_coding:intron:CDS:substitution:intron_variant|SO:0000010:SO:0000188:SO:0000316:SO:1000002:SO:0001627
chr15,74855718,A,C,['PASS'],SCAMP2|CCDS10271.1|r.?|-|-|protein_coding:intron:CDS:substitution:intron_variant|SO:0000010:SO:0000188:SO:0000316:SO:1000002:SO:0001627
chr16,14983572,C,A,['PASS'],PDXDC1|CCDS32393.1|r.?|-|-|protein_coding:intron:CDS:substitution:intron_variant|SO:0000010:SO:0000188:SO:0000316:SO:1000002:SO:0001627
chr16,88000988,G,A,['PASS'],BANP|CCDS54054.1|r.?|-|-|protein_coding:intron:CDS:substitution:intron_variant|SO:0000010:SO:0000188:SO:0000316:SO:1000002:SO:0001627
chr16,88786985,G,T,['PASS'],PIEZO1|CCDS54058.1|r.?|-|-|protein_coding:substitution:2KB_upstream_variant|SO:0000010:SO:1000002:SO:0001636
chr17,18003484,T,A,['PASS'],DRC3|CCDS45622.1|r.?|-|-|protein_coding:intron:CDS:substitution:intron_variant|SO:0000010:SO:0000188:SO:0000316:SO:1000002:SO:0001627
chr17,51228609,A,C,['PASS'],MBTD1|CCDS11581.2|r.?|-|-|protein_coding:intron:five_prime_UTR:substitution:intron_variant|SO:0000010:SO:0000188:SO:0000204:SO:1000002:SO:0001627
chr17,68556574,A,C,['PASS'],FAM20A|CCDS11679.1|r.?|-|-|protein_coding:intron:CDS:substitution:intron_variant|SO:0000010:SO:0000188:SO:0000316:SO:1000002:SO:0001627
chr17,79483474,A,G,['PASS'],RBFOX3|CCDS45805.1|r.?|-|-|protein_coding:intron:five_prime_UTR:substitution:intron_variant|SO:0000010:SO:0000188:SO:0000204:SO:1000002:SO:0001627
chr18,58074436,T,A,['PASS'],NEDD4L|CCDS45872.1|r.?|-|-|protein_coding:intron:CDS:substitution:intron_variant|SO:0000010:SO:0000188:SO:0000316:SO:1000002:SO:0001627
chr19,11425046,T,C,['PASS'],CCDC151|CCDS42501.1|r.?|-|-|protein_coding:intron:CDS:substitution:intron_variant|SO:0000010:SO:0000188:SO:0000316:SO:1000002:SO:0001627
chr19,18188632,A,T,['PASS'],MPV17L2|CCDS42522.1|r.?|-|-|protein_coding:substitution:5KB_upstream_variant|SO:0000010:SO:1000002:SO:0001635
chr19,19183711,A,C,['PASS'],MEF2B|CCDS12394.1|r.?|-|-|protein_coding:intron:five_prime_UTR:substitution:intron_variant|SO:0000010:SO:0000188:SO:0000204:SO:1000002:SO:0001627
chr19,35557887,A,C,['PASS'],ATP4A|CCDS12467.1|r.?|-|-|protein_coding:intron:CDS:substitution:intron_variant|SO:0000010:SO:0000188:SO:0000316:SO:1000002:SO:0001627
chr19,38584609,A,T,['PASS'],RYR1|CCDS33011.1|r.?|-|-|protein_coding:intron:CDS:substitution:intron_variant|SO:0000010:SO:0000188:SO:0000316:SO:1000002:SO:0001627
chr19,53413928,G,C,['PASS'],ZNF765|CCDS46171.1|r.?|-|-|protein_coding:substitution:5KB_downstream_variant|SO:0000010:SO:1000002:SO:0001633
chr19,55536526,T,A,['PASS'],SBK2|CCDS42631.1|r.?|-|-|protein_coding:intron:five_prime_UTR:substitution:intron_variant|SO:0000010:SO:0000188:SO:0000204:SO:1000002:SO:0001627
chr2,104853857,C,G,['PASS'],POU3F3|CCDS33265.1|r.?|-|-|protein_coding:substitution:2KB_upstream_variant|SO:0000010:SO:1000002:SO:0001636
chr2,110915407,C,A,['PASS'],ACOXL|CCDS46389.1|r.?|-|-|protein_coding:intron:CDS:substitution:intron_variant|SO:0000010:SO:0000188:SO:0000316:SO:1000002:SO:0001627
chr2,215327891,T,A,['PASS'],ATIC|CCDS2398.1|r.?|-|-|protein_coding:intron:CDS:substitution:intron_variant|SO:0000010:SO:0000188:SO:0000316:SO:1000002:SO:0001627
chr20,35647343,T,G,['PASS'],RBM12|CCDS13261.1|r.?|-|-|protein_coding:substitution:5KB_downstream_variant|SO:0000010:SO:1000002:SO:0001633
chr3,32865800,C,G,['PASS'],TRIM71|CCDS43060.1|r.?|-|-|protein_coding:intron:CDS:substitution:intron_variant|SO:0000010:SO:0000188:SO:0000316:SO:1000002:SO:0001627
chr3,42132246,T,G,['PASS'],TRAK1|CCDS43072.1|r.?|-|-|protein_coding:intron:CDS:substitution:intron_variant|SO:0000010:SO:0000188:SO:0000316:SO:1000002:SO:0001627
chr3,50215908,G,C,['PASS'],SLC38A3|CCDS74940.1|r.?|-|-|protein_coding:intron:CDS:substitution:intron_variant|SO:0000010:SO:0000188:SO:0000316:SO:1000002:SO:0001627
chr3,68121062,A,C,['PASS'],TAFA1|CCDS54606.1|r.?|-|-|protein_coding:intron:CDS:substitution:intron_variant|SO:0000010:SO:0000188:SO:0000316:SO:1000002:SO:0001627
chr3,125055986,A,C,['PASS'],HEG1|CCDS46898.1|r.12u>g|c.?|p.?|protein_coding:exon:five_prime_UTR:substitution:5_prime_UTR_variant:transcript_variant|SO:0000010:SO:0000147:SO:0000204:SO:1000002:SO:0001623:SO:0001576
chr3,136169255,C,G,['PASS'],MSL2|CCDS33861.1|r.?|-|-|protein_coding:intron:CDS:substitution:intron_variant|SO:0000010:SO:0000188:SO:0000316:SO:1000002:SO:0001627
chr3,138788685,A,C,['PASS'],PIK3CB|CCDS3104.1|r.?|-|-|protein_coding:intron:five_prime_UTR:substitution:intron_variant|SO:0000010:SO:0000188:SO:0000204:SO:1000002:SO:0001627
chr4,42149188,C,G,['PASS'],BEND4|CCDS47048.1|r.?|-|-|protein_coding:intron:CDS:substitution:intron_variant|SO:0000010:SO:0000188:SO:0000316:SO:1000002:SO:0001627
chr4,145026752,A,G,['PASS'],ANAPC10|CCDS43273.1|r.?|-|-|protein_coding:intron:CDS:substitution:intron_variant|SO:0000010:SO:0000188:SO:0000316:SO:1000002:SO:0001627
chr5,44344568,C,G,['PASS'],FGF10|CCDS3950.1|r.?|-|-|protein_coding:intron:CDS:substitution:intron_variant|SO:0000010:SO:0000188:SO:0000316:SO:1000002:SO:0001627
chr5,61333166,A,C,['PASS'],ZSWIM6|CCDS47215.1|r.?|-|-|protein_coding:intron:CDS:substitution:intron_variant|SO:0000010:SO:0000188:SO:0000316:SO:1000002:SO:0001627
chr5,87385390,G,T,['PASS'],RASA1|CCDS34200.1|r.3416+1g>u|c.2847+1G>T|p.?|protein_coding:CDS:extended_cis_splice_site:substitution:splice_site_variant:transcript_variant|SO:0000010:SO:0000316:SO:0001993:SO:1000002:SO:0001629:SO:0001576
chr5,95062809,T,G,['PASS'],MCTP1|CCDS34203.1|r.?|-|-|protein_coding:intron:CDS:substitution:intron_variant|SO:0000010:SO:0000188:SO:0000316:SO:1000002:SO:0001627
chr6,13443483,C,A,['PASS'],GFOD1|CCDS4524.1|r.?|-|-|protein_coding:intron:CDS:substitution:intron_variant|SO:0000010:SO:0000188:SO:0000316:SO:1000002:SO:0001627
chr6,37701163,A,T,['PASS'],MDGA1|CCDS47417.1|r.?|-|-|protein_coding:substitution:5KB_upstream_variant|SO:0000010:SO:1000002:SO:0001635
chr6,83275485,T,G,['PASS'],ME1|CCDS34492.1|r.?|-|-|protein_coding:intron:CDS:substitution:intron_variant|SO:0000010:SO:0000188:SO:0000316:SO:1000002:SO:0001627
chr6,132347689,T,A,['PASS'],MOXD1|CCDS5152.2|r.?|-|-|protein_coding:intron:CDS:substitution:intron_variant|SO:0000010:SO:0000188:SO:0000316:SO:1000002:SO:0001627
chr6,162021102,C,A,['PASS'],PRKN|CCDS5281.1|r.?|-|-|protein_coding:intron:CDS:substitution:intron_variant|SO:0000010:SO:0000188:SO:0000316:SO:1000002:SO:0001627
chr7,80493717,T,A,['PASS'],CD36|CCDS34673.1|r.?|-|-|protein_coding:intron:five_prime_UTR:substitution:intron_variant|SO:0000010:SO:0000188:SO:0000204:SO:1000002:SO:0001627
chr7,101822114,A,G,['PASS'],CUX1|CCDS56498.1|r.?|-|-|protein_coding:intron:CDS:substitution:intron_variant|SO:0000010:SO:0000188:SO:0000316:SO:1000002:SO:0001627
chr7,148054899,C,A,['PASS'],CNTNAP2|CCDS5889.1|r.?|-|-|protein_coding:intron:CDS:substitution:intron_variant|SO:0000010:SO:0000188:SO:0000316:SO:1000002:SO:0001627
chr8,23229312,T,A,['PASS'],TNFRSF10A|CCDS6039.1|r.?|-|-|protein_coding:substitution:5KB_upstream_variant|SO:0000010:SO:1000002:SO:0001635
chr8,42051909,A,C,['PASS'],KAT6A|CCDS6124.1|r.79u>g|c.?|p.?|protein_coding:exon:five_prime_UTR:substitution:5_prime_UTR_variant:transcript_variant|SO:0000010:SO:0000147:SO:0000204:SO:1000002:SO:0001623:SO:0001576
chr8,90820681,T,C,['PASS'],NECAB1|CCDS47889.1|r.?|-|-|protein_coding:intron:CDS:substitution:intron_variant|SO:0000010:SO:0000188:SO:0000316:SO:1000002:SO:0001627
chr8,133214095,T,A,['PASS'],CCN4|CCDS6371.1|r.?|-|-|protein_coding:intron:CDS:substitution:intron_variant|SO:0000010:SO:0000188:SO:0000316:SO:1000002:SO:0001627
chr8,133214096,A,C,['PASS'],CCN4|CCDS6371.1|r.?|-|-|protein_coding:intron:CDS:substitution:intron_variant|SO:0000010:SO:0000188:SO:0000316:SO:1000002:SO:0001627
chr9,92947063,C,G,['PASS'],FGD3|CCDS43849.1|r.?|-|-|protein_coding:substitution:2KB_upstream_variant|SO:0000010:SO:1000002:SO:0001636
chr9,94895243,A,T,['PASS'],AOPEP|CCDS55328.1|r.?|-|-|protein_coding:intron:CDS:substitution:intron_variant|SO:0000010:SO:0000188:SO:0000316:SO:1000002:SO:0001627
chrX,150652647,G,A,['PASS'],MTM1|CCDS14694.1|r.?|-|-|protein_coding:intron:CDS:substitution:intron_variant|SO:0000010:SO:0000188:SO:0000316:SO:1000002:SO:0001627
chrX,150664316,T,A,['PASS'],MTM1|CCDS14694.1|r.?|-|-|protein_coding:intron:CDS:substitution:intron_variant|SO:0000010:SO:0000188:SO:0000316:SO:1000002:SO:0001627
